medicinal_product_id,medicinal_product_name,medicinal_product_atc_code,unit_of_presentation_type,unit_of_presentation_num,administration_dose_form,administration_route,subst1_atc_code,subst2_atc_code,subst3_atc_code,subst1_amount_per_form,subst2_amount_per_form,subst3_amount_per_form,subst1_amount_unit,subst2_amount_unit,subst3_amount_unit,subst1_concentration,subst2_concentration,subst3_concentration,subst1_concentration_unit,subst2_concentration_unit,subst3_concentration_unit,concentration_total_content,concentration_total_content_unit,medicinal_product_manufacturer
150700,name1,G28MH04,NA,NA,NA,NA,C01NH84,A75MH96,K78CD31,20,NA,1,mg,NA,mg,NA,NA,NA,NA,NA,NA,1000,ml,sanofi
272800,name2,B62CC93,NA,NA,NA,NA,F55LO16,K97HE65,F69KO72,20,NA,1,mg,NA,mg,NA,NA,NA,NA,NA,NA,1000,ml,sanofi
155600,name3,D06KD81,NA,NA,NA,NA,C59NB02,L56NF30,B48DO96,20,NA,1,mg,NA,mg,NA,NA,NA,NA,NA,NA,1000,ml,sanofi
299500,name4,E46EF74,NA,NA,NA,NA,D36JI17,O23JO16,K16NF79,20,NA,1,mg,NA,mg,NA,NA,NA,NA,NA,NA,1000,ml,sanofi
352600,name5,N45NK07,NA,NA,NA,NA,L69NM90,G86AD93,F10AH41,20,NA,1,mg,NA,mg,NA,NA,NA,NA,NA,NA,1000,ml,sanofi
204000,name6,F03GL73,NA,NA,NA,NA,M48OL88,A50CF69,F08IA13,20,NA,1,mg,NA,mg,NA,NA,NA,NA,NA,NA,1000,ml,sanofi
279200,name7,D42HO87,NA,NA,NA,NA,E80CD61,K61NA00,J24MI02,20,NA,1,mg,NA,mg,NA,NA,NA,NA,NA,NA,1000,ml,sanofi
325000,name8,I60EH21,NA,NA,NA,NA,A54DO42,A21MA41,G90CB86,20,NA,1,mg,NA,mg,NA,NA,NA,NA,NA,NA,1000,ml,sanofi
202500,name9,K00GM73,NA,NA,NA,NA,K08NG58,E29EN17,K60NN03,20,NA,1,mg,NA,mg,NA,NA,NA,NA,NA,NA,1000,ml,sanofi
173400,name10,H22JO22,NA,NA,NA,NA,K32NC42,B00KH55,G14GO91,20,NA,1,mg,NA,mg,NA,NA,NA,NA,NA,NA,1000,ml,sanofi
363100,name11,B47MA31,tablet,10,tablet,oral,I65OI29,K50DC60,NA,20,NA,1,mg,NA,mg,NA,NA,NA,NA,NA,NA,1000,ml,NA
259200,name12,C16OO57,tablet,10,tablet,oral,K95FC07,D03FA87,NA,20,NA,1,mg,NA,mg,NA,NA,NA,NA,NA,NA,1000,ml,NA
356000,name13,A92KK79,tablet,10,tablet,oral,G30II18,A61GE34,NA,20,NA,1,mg,NA,mg,NA,NA,NA,NA,NA,NA,1000,ml,NA
281800,name14,E21NH49,tablet,10,tablet,oral,C50BK28,B76CL26,NA,20,NA,1,mg,NA,mg,NA,NA,NA,NA,NA,NA,1000,ml,NA
116200,name15,F14MC87,tablet,10,tablet,oral,F60NL67,F82OA40,NA,20,NA,1,mg,NA,mg,NA,NA,NA,NA,NA,NA,1000,ml,NA
104000,name16,O47NO29,tablet,10,tablet,oral,D18CD72,G15CC23,NA,20,NA,1,mg,NA,mg,NA,NA,NA,NA,NA,NA,1000,ml,NA
291600,name17,E33FB43,tablet,10,tablet,oral,I12LD07,K00LM47,NA,20,NA,1,mg,NA,mg,NA,NA,NA,NA,NA,NA,1000,ml,NA
373900,name18,G27EJ19,tablet,10,tablet,oral,C00FJ65,D91CE56,NA,20,NA,1,mg,NA,mg,NA,NA,NA,NA,NA,NA,1000,ml,NA
368200,name19,F52OJ83,tablet,10,tablet,oral,D85EA51,D35EO24,NA,20,NA,1,mg,NA,mg,NA,NA,NA,NA,NA,NA,1000,ml,NA
354700,name20,I49IC05,tablet,10,tablet,oral,L13JL27,K26IG97,NA,20,NA,1,mg,NA,mg,NA,NA,NA,NA,NA,NA,1000,ml,NA
104600,name21,N90DE45,drops,5,supository,anal,O52DF73,L49BM72,NA,20,NA,1,mg,NA,mg,NA,NA,NA,NA,NA,NA,200,ml,NA
155200,name22,M46ED50,drops,5,supository,anal,O12EN47,N53EC73,NA,20,NA,1,mg,NA,mg,NA,NA,NA,NA,NA,NA,200,ml,NA
392000,name23,C28GJ90,drops,5,supository,anal,A34GC49,F07AF88,NA,20,NA,1,mg,NA,mg,NA,NA,NA,NA,NA,NA,200,ml,NA
244900,name24,H50MG98,drops,5,supository,anal,G37BA08,M08KM05,NA,20,NA,1,mg,NA,mg,NA,NA,NA,NA,NA,NA,200,ml,NA
145500,name25,N25ME68,drops,5,supository,anal,A43HD55,F16DI06,NA,20,NA,1,mg,NA,mg,NA,NA,NA,NA,NA,NA,200,ml,NA
126300,name26,B76LB51,drops,5,supository,anal,B96OJ24,J98ML44,NA,20,NA,1,mg,NA,mg,NA,NA,NA,NA,NA,NA,200,ml,NA
320200,name27,K34MH12,drops,5,supository,anal,F40BM21,J43DO61,NA,20,NA,1,mg,NA,mg,NA,NA,NA,NA,NA,NA,200,ml,NA
294800,name28,J01BF96,drops,5,supository,anal,E80KO45,L52AG01,NA,20,NA,1,mg,NA,mg,NA,NA,NA,NA,NA,NA,200,ml,NA
324800,name29,G93BF89,drops,5,supository,anal,N16HM34,C61DD82,NA,20,NA,1,mg,NA,mg,NA,NA,NA,NA,NA,NA,200,ml,NA
176400,name30,E33JM74,drops,5,supository,anal,F96CO60,L90NK15,NA,20,NA,1,mg,NA,mg,NA,NA,NA,NA,NA,NA,200,ml,NA
171500,name31,H32JO54,bottle,1,solution,oral,I45NL33,E32OK27,NA,10,NA,10,UI,NA,UI,NA,NA,NA,NA,NA,NA,200,ml,NA
239400,name32,L20AM44,bottle,1,solution,oral,L94JE79,M68KC19,NA,10,NA,10,UI,NA,UI,NA,NA,NA,NA,NA,NA,200,ml,NA
191400,name33,L24HH95,bottle,1,solution,oral,J77DM26,F85IK15,NA,10,NA,10,UI,NA,UI,NA,NA,NA,NA,NA,NA,200,ml,NA
304900,name34,L16IE16,bottle,1,solution,oral,O51LM07,L61BD15,NA,10,NA,10,UI,NA,UI,NA,NA,NA,NA,NA,NA,200,ml,NA
175100,name35,K77IA45,bottle,1,solution,oral,A02OO76,M31LD44,NA,10,NA,10,UI,NA,UI,NA,NA,NA,NA,NA,NA,200,ml,NA
240600,name36,E64NI42,bottle,1,solution,oral,F82GM20,D97JK99,NA,10,NA,10,UI,NA,UI,NA,NA,NA,NA,NA,NA,200,ml,NA
306600,name37,E58MO63,bottle,1,solution,oral,M14AI78,F80KM10,NA,10,NA,10,UI,NA,UI,NA,NA,NA,NA,NA,NA,200,ml,NA
200400,name38,F11OH03,bottle,1,solution,oral,B11MB66,G43FM55,NA,10,NA,10,UI,NA,UI,NA,NA,NA,NA,NA,NA,200,ml,NA
331000,name39,A47ID73,bottle,1,solution,oral,A10NC87,G77OC52,NA,10,NA,10,UI,NA,UI,NA,NA,NA,NA,NA,NA,200,ml,NA
320900,name40,O56FD73,bottle,1,solution,oral,L40BG50,G91OD79,NA,10,NA,10,UI,NA,UI,NA,NA,NA,NA,NA,NA,200,ml,NA
234300,name41,C13HF35,capsule,20,capsule,oral,G11DK14,K01KM49,NA,10,NA,10,UI,NA,UI,NA,NA,NA,NA,NA,NA,200,ml,NA
329100,name42,C78GI60,capsule,20,capsule,oral,D47BC40,O24LH67,NA,10,NA,10,UI,NA,UI,NA,NA,NA,NA,NA,NA,200,ml,NA
129700,name43,A00MK91,capsule,20,capsule,oral,N89OJ72,J00HB16,NA,10,NA,10,UI,NA,UI,NA,NA,NA,NA,NA,NA,200,ml,NA
291200,name44,K24AE71,capsule,20,capsule,oral,I67IN82,H50JD40,NA,10,NA,10,UI,NA,UI,NA,NA,NA,NA,NA,NA,200,ml,NA
205600,name45,C45KE20,capsule,20,capsule,oral,H02GJ69,I08KK44,NA,10,NA,10,UI,NA,UI,NA,NA,NA,NA,NA,NA,200,ml,NA
337100,name46,C37MB66,capsule,20,capsule,oral,F62HE20,D28MB73,NA,10,NA,10,UI,NA,UI,NA,NA,NA,NA,NA,NA,200,ml,NA
389200,name47,O13BH85,capsule,20,capsule,oral,B71FG33,D10NL04,NA,10,NA,10,UI,NA,UI,NA,NA,NA,NA,NA,NA,200,ml,NA
303500,name48,I98AA52,capsule,20,capsule,oral,N55JE67,D98EL96,NA,10,NA,10,UI,NA,UI,NA,NA,NA,NA,NA,NA,200,ml,NA
159700,name49,M92AL73,capsule,20,capsule,oral,N31OK98,F97BH93,NA,10,NA,10,UI,NA,UI,NA,NA,NA,NA,NA,NA,200,ml,NA
358600,name50,G85LI18,capsule,20,capsule,oral,O74KN92,C07MH74,NA,10,NA,10,UI,NA,UI,NA,NA,NA,NA,NA,NA,200,ml,NA
123700,name51,O90LD94,NA,5,NA,NA,L48ML35,NA,NA,NA,NA,NA,NA,NA,NA,1,NA,NA,mg/ml,NA,NA,200,ml,NA
266600,name52,D47NI03,NA,5,NA,NA,F31JM27,NA,NA,NA,NA,NA,NA,NA,NA,1,NA,NA,mg/ml,NA,NA,200,ml,NA
313900,name53,G51HM50,NA,5,NA,NA,J02KL30,NA,NA,NA,NA,NA,NA,NA,NA,1,NA,NA,mg/ml,NA,NA,200,ml,NA
343200,name54,F31OM07,NA,5,NA,NA,F30IF67,NA,NA,NA,NA,NA,NA,NA,NA,1,NA,NA,mg/ml,NA,NA,200,ml,NA
394700,name55,B54LI36,NA,5,NA,NA,G78MI00,NA,NA,NA,NA,NA,NA,NA,NA,1,NA,NA,mg/ml,NA,NA,200,ml,NA
104700,name56,L66HD69,NA,5,NA,NA,A14LL49,NA,NA,NA,NA,NA,NA,NA,NA,1,NA,NA,mg/ml,NA,NA,200,ml,NA
185800,name57,L62EG54,NA,5,NA,NA,B31HE22,NA,NA,NA,NA,NA,NA,NA,NA,1,NA,NA,mg/ml,NA,NA,200,ml,NA
227900,name58,G08EM85,NA,5,NA,NA,D49IN51,NA,NA,NA,NA,NA,NA,NA,NA,1,NA,NA,mg/ml,NA,NA,200,ml,NA
165000,name59,K14NN53,NA,5,NA,NA,G00FO60,NA,NA,NA,NA,NA,NA,NA,NA,1,NA,NA,mg/ml,NA,NA,200,ml,NA
323000,name60,N09BC75,NA,5,NA,NA,C40CI66,NA,NA,NA,NA,NA,NA,NA,NA,1,NA,NA,mg/ml,NA,NA,200,ml,NA
324500,name61,A06GB72,NA,NA,NA,NA,O17CJ58,NA,NA,NA,NA,NA,NA,NA,NA,1,NA,NA,mg/ml,NA,NA,200,ml,NA
318800,name62,B51EG53,NA,NA,NA,NA,A96NN77,NA,NA,NA,NA,NA,NA,NA,NA,1,NA,NA,mg/ml,NA,NA,200,ml,NA
232600,name63,O57EF56,NA,NA,NA,NA,B77CD91,NA,NA,NA,NA,NA,NA,NA,NA,1,NA,NA,mg/ml,NA,NA,200,ml,NA
175300,name64,A19KN48,NA,NA,NA,NA,I23DE78,NA,NA,NA,NA,NA,NA,NA,NA,1,NA,NA,mg/ml,NA,NA,200,ml,NA
306400,name65,G33OA23,NA,NA,NA,NA,N31IA34,NA,NA,NA,NA,NA,NA,NA,NA,1,NA,NA,mg/ml,NA,NA,200,ml,NA
345500,name66,F10IN68,NA,NA,NA,NA,F44KL88,NA,NA,NA,NA,NA,NA,NA,NA,1,NA,NA,mg/ml,NA,NA,200,ml,NA
343800,name67,J47NO17,NA,NA,NA,NA,C55EG89,NA,NA,NA,NA,NA,NA,NA,NA,1,NA,NA,mg/ml,NA,NA,200,ml,NA
133500,name68,A13LE91,NA,NA,NA,NA,I26EK99,NA,NA,NA,NA,NA,NA,NA,NA,1,NA,NA,mg/ml,NA,NA,200,ml,NA
204400,name69,F96JD44,NA,NA,NA,NA,H47NM13,NA,NA,NA,NA,NA,NA,NA,NA,1,NA,NA,mg/ml,NA,NA,200,ml,NA
257200,name70,G21JI10,NA,NA,NA,NA,E10CE83,NA,NA,NA,NA,NA,NA,NA,NA,1,NA,NA,mg/ml,NA,NA,200,ml,NA
154100,name71,B86AL61,NA,NA,NA,NA,F07LC27,NA,NA,NA,NA,NA,NA,NA,NA,2,NA,NA,UI/ml,NA,NA,NA,NA,NA
301900,name72,E87BK76,NA,NA,NA,NA,D47IJ66,NA,NA,NA,NA,NA,NA,NA,NA,2,NA,NA,UI/ml,NA,NA,NA,NA,NA
285800,name73,A39HK99,NA,NA,NA,NA,O19LL06,NA,NA,NA,NA,NA,NA,NA,NA,2,NA,NA,UI/ml,NA,NA,NA,NA,NA
164800,name74,N98IJ43,NA,NA,NA,NA,K48KN34,NA,NA,NA,NA,NA,NA,NA,NA,2,NA,NA,UI/ml,NA,NA,NA,NA,NA
181800,name75,N21IO15,NA,NA,NA,NA,E40AE31,NA,NA,NA,NA,NA,NA,NA,NA,2,NA,NA,UI/ml,NA,NA,NA,NA,NA
198200,name76,O51FL49,NA,NA,NA,NA,K18KL72,NA,NA,NA,NA,NA,NA,NA,NA,2,NA,NA,UI/ml,NA,NA,NA,NA,NA
295200,name77,F35HJ94,NA,NA,NA,NA,J41GK86,NA,NA,NA,NA,NA,NA,NA,NA,2,NA,NA,UI/ml,NA,NA,NA,NA,NA
112600,name78,D07IC32,NA,NA,NA,NA,L63DI43,NA,NA,NA,NA,NA,NA,NA,NA,2,NA,NA,UI/ml,NA,NA,NA,NA,NA
207100,name79,N79HB66,NA,NA,NA,NA,O80NM20,NA,NA,NA,NA,NA,NA,NA,NA,2,NA,NA,UI/ml,NA,NA,NA,NA,NA
252200,name80,C12KL75,NA,NA,NA,NA,H05NE17,NA,NA,NA,NA,NA,NA,NA,NA,2,NA,NA,UI/ml,NA,NA,NA,NA,NA
140800,name81,D00JN79,NA,NA,NA,NA,J36JC14,NA,NA,NA,NA,NA,NA,NA,NA,2,NA,NA,UI/ml,NA,NA,NA,NA,NA
277100,name82,M21JB88,NA,NA,NA,NA,M93NM10,NA,NA,NA,NA,NA,NA,NA,NA,2,NA,NA,UI/ml,NA,NA,NA,NA,NA
180900,name83,G94BK67,NA,NA,NA,NA,G98OB57,NA,NA,NA,NA,NA,NA,NA,NA,2,NA,NA,UI/ml,NA,NA,NA,NA,NA
247600,name84,O60DL02,NA,NA,NA,NA,D95GO04,NA,NA,NA,NA,NA,NA,NA,NA,2,NA,NA,UI/ml,NA,NA,NA,NA,NA
215200,name85,D51AM77,NA,NA,NA,NA,G22NF87,NA,NA,NA,NA,NA,NA,NA,NA,2,NA,NA,UI/ml,NA,NA,NA,NA,NA
274700,name86,J43DF24,NA,NA,NA,NA,O61GH14,NA,NA,NA,NA,NA,NA,NA,NA,2,NA,NA,UI/ml,NA,NA,NA,NA,NA
172100,name87,H64KK99,NA,NA,NA,NA,B55LO69,NA,NA,NA,NA,NA,NA,NA,NA,2,NA,NA,UI/ml,NA,NA,NA,NA,NA
196300,name88,O53MM38,NA,NA,NA,NA,E49DB25,NA,NA,NA,NA,NA,NA,NA,NA,2,NA,NA,UI/ml,NA,NA,NA,NA,NA
388700,name89,K47LH96,NA,NA,NA,NA,I77EF20,NA,NA,NA,NA,NA,NA,NA,NA,2,NA,NA,UI/ml,NA,NA,NA,NA,NA
144200,name90,H80BI68,NA,NA,NA,NA,E31MD13,NA,NA,NA,NA,NA,NA,NA,NA,2,NA,NA,UI/ml,NA,NA,NA,NA,NA
146200,name91,E85LJ93,NA,NA,NA,NA,O04DI48,NA,NA,NA,NA,NA,NA,NA,NA,2,NA,NA,UI/ml,NA,NA,NA,NA,NA
251000,name92,J76IJ39,NA,NA,NA,NA,K50CK12,NA,NA,NA,NA,NA,NA,NA,NA,2,NA,NA,UI/ml,NA,NA,NA,NA,NA
297200,name93,J57KK05,NA,NA,NA,NA,H25ED63,NA,NA,NA,NA,NA,NA,NA,NA,2,NA,NA,UI/ml,NA,NA,NA,NA,NA
313400,name94,A49LJ15,NA,NA,NA,NA,J76OL50,NA,NA,NA,NA,NA,NA,NA,NA,2,NA,NA,UI/ml,NA,NA,NA,NA,NA
398900,name95,G72NL26,NA,NA,NA,NA,C91IB76,NA,NA,NA,NA,NA,NA,NA,NA,2,NA,NA,UI/ml,NA,NA,NA,NA,NA
341300,name96,H46KA05,NA,NA,NA,NA,I56BJ01,NA,NA,NA,NA,NA,NA,NA,NA,2,NA,NA,UI/ml,NA,NA,NA,NA,NA
368600,name97,O46JL43,NA,NA,NA,NA,G99LA62,NA,NA,NA,NA,NA,NA,NA,NA,2,NA,NA,UI/ml,NA,NA,NA,NA,NA
342400,name98,H86NJ71,NA,NA,NA,NA,O92AI38,NA,NA,NA,NA,NA,NA,NA,NA,2,NA,NA,UI/ml,NA,NA,NA,NA,NA
383000,name99,N97AJ62,NA,NA,NA,NA,O99FA86,NA,NA,NA,NA,NA,NA,NA,NA,2,NA,NA,UI/ml,NA,NA,NA,NA,NA
216000,name100,E96LO98,NA,NA,NA,NA,I41DH14,NA,NA,NA,NA,NA,NA,NA,NA,2,NA,NA,UI/ml,NA,NA,NA,NA,NA
172100,name87,H64KK99,NA,NA,NA,NA,B55LO69,NA,NA,NA,NA,NA,NA,NA,NA,2,NA,NA,UI/ml,NA,NA,NA,NA,NA
196300,name88,O53MM38,NA,NA,NA,NA,E49DB25,NA,NA,NA,NA,NA,NA,NA,NA,2,NA,NA,UI/ml,NA,NA,NA,NA,NA
388700,name89,K47LH96,NA,NA,NA,NA,I77EF20,NA,NA,NA,NA,NA,NA,NA,NA,2,NA,NA,UI/ml,NA,NA,NA,NA,NA
144200,name90,H80BI68,NA,NA,NA,NA,E31MD13,NA,NA,NA,NA,NA,NA,NA,NA,2,NA,NA,UI/ml,NA,NA,NA,NA,NA
146200,name91,E85LJ93,NA,NA,NA,NA,O04DI48,NA,NA,NA,NA,NA,NA,NA,NA,2,NA,NA,UI/ml,NA,NA,NA,NA,NA
251000,name92,J76IJ39,NA,NA,NA,NA,K50CK12,NA,NA,NA,NA,NA,NA,NA,NA,2,NA,NA,UI/ml,NA,NA,NA,NA,NA
297200,name93,J57KK05,NA,NA,NA,NA,H25ED63,NA,NA,NA,NA,NA,NA,NA,NA,2,NA,NA,UI/ml,NA,NA,NA,NA,NA
313400,name94,A49LJ15,NA,NA,NA,NA,J76OL50,NA,NA,NA,NA,NA,NA,NA,NA,2,NA,NA,UI/ml,NA,NA,NA,NA,NA
398900,name95,G72NL26,NA,NA,NA,NA,C91IB76,NA,NA,NA,NA,NA,NA,NA,NA,2,NA,NA,UI/ml,NA,NA,NA,NA,NA
341300,name96,H46KA05,NA,NA,NA,NA,I56BJ01,NA,NA,NA,NA,NA,NA,NA,NA,2,NA,NA,UI/ml,NA,NA,NA,NA,NA
368600,name97,O46JL43,NA,NA,NA,NA,G99LA62,NA,NA,NA,NA,NA,NA,NA,NA,2,NA,NA,UI/ml,NA,NA,NA,NA,NA
342400,name98,H86NJ71,NA,NA,NA,NA,O92AI38,NA,NA,NA,NA,NA,NA,NA,NA,2,NA,NA,UI/ml,NA,NA,NA,NA,NA
383000,name99,N97AJ62,NA,NA,NA,NA,O99FA86,NA,NA,NA,NA,NA,NA,NA,NA,2,NA,NA,UI/ml,NA,NA,NA,NA,NA
216000,name100,E96LO98,NA,NA,NA,NA,I41DH14,NA,NA,NA,NA,NA,NA,NA,NA,2,NA,NA,UI/ml,NA,NA,NA,NA,NA
172100,name87,H64KK99,NA,NA,NA,NA,B55LO69,NA,NA,NA,NA,NA,NA,NA,NA,2,NA,NA,UI/ml,NA,NA,NA,NA,NA
196300,name88,O53MM38,NA,NA,NA,NA,E49DB25,NA,NA,NA,NA,NA,NA,NA,NA,2,NA,NA,UI/ml,NA,NA,NA,NA,NA
388700,name89,K47LH96,NA,NA,NA,NA,I77EF20,NA,NA,NA,NA,NA,NA,NA,NA,2,NA,NA,UI/ml,NA,NA,NA,NA,NA
144200,name90,H80BI68,NA,NA,NA,NA,E31MD13,NA,NA,NA,NA,NA,NA,NA,NA,2,NA,NA,UI/ml,NA,NA,NA,NA,NA
146200,name91,E85LJ93,NA,NA,NA,NA,O04DI48,NA,NA,NA,NA,NA,NA,NA,NA,2,NA,NA,UI/ml,NA,NA,NA,NA,NA
251000,name92,J76IJ39,NA,NA,NA,NA,K50CK12,NA,NA,NA,NA,NA,NA,NA,NA,2,NA,NA,UI/ml,NA,NA,NA,NA,NA
297200,name93,J57KK05,NA,NA,NA,NA,H25ED63,NA,NA,NA,NA,NA,NA,NA,NA,2,NA,NA,UI/ml,NA,NA,NA,NA,NA
313400,name94,A49LJ15,NA,NA,NA,NA,J76OL50,NA,NA,NA,NA,NA,NA,NA,NA,2,NA,NA,UI/ml,NA,NA,NA,NA,NA
398900,name95,G72NL26,NA,NA,NA,NA,C91IB76,NA,NA,NA,NA,NA,NA,NA,NA,2,NA,NA,UI/ml,NA,NA,NA,NA,NA
341300,name96,H46KA05,NA,NA,NA,NA,I56BJ01,NA,NA,NA,NA,NA,NA,NA,NA,2,NA,NA,UI/ml,NA,NA,NA,NA,NA
368600,name97,O46JL43,NA,NA,NA,NA,G99LA62,NA,NA,NA,NA,NA,NA,NA,NA,2,NA,NA,UI/ml,NA,NA,NA,NA,NA
342400,name98,H86NJ71,NA,NA,NA,NA,O92AI38,NA,NA,NA,NA,NA,NA,NA,NA,2,NA,NA,UI/ml,NA,NA,NA,NA,NA
383000,name99,N97AJ62,NA,NA,NA,NA,O99FA86,NA,NA,NA,NA,NA,NA,NA,NA,2,NA,NA,UI/ml,NA,NA,NA,NA,NA
216000,name100,E96LO98,NA,NA,NA,NA,I41DH14,NA,NA,NA,NA,NA,NA,NA,NA,2,NA,NA,UI/ml,NA,NA,NA,NA,NA
172100,name87,H64KK99,NA,NA,NA,NA,B55LO69,NA,NA,NA,NA,NA,NA,NA,NA,2,NA,NA,UI/ml,NA,NA,NA,NA,NA
196300,name88,O53MM38,NA,NA,NA,NA,E49DB25,NA,NA,NA,NA,NA,NA,NA,NA,2,NA,NA,UI/ml,NA,NA,NA,NA,NA
388700,name89,K47LH96,NA,NA,NA,NA,I77EF20,NA,NA,NA,NA,NA,NA,NA,NA,2,NA,NA,UI/ml,NA,NA,NA,NA,NA
144200,name90,H80BI68,NA,NA,NA,NA,E31MD13,NA,NA,NA,NA,NA,NA,NA,NA,2,NA,NA,UI/ml,NA,NA,NA,NA,NA
146200,name91,E85LJ93,NA,NA,NA,NA,O04DI48,NA,NA,NA,NA,NA,NA,NA,NA,2,NA,NA,UI/ml,NA,NA,NA,NA,NA
251000,name92,J76IJ39,NA,NA,NA,NA,K50CK12,NA,NA,NA,NA,NA,NA,NA,NA,2,NA,NA,UI/ml,NA,NA,NA,NA,NA
297200,name93,J57KK05,NA,NA,NA,NA,H25ED63,NA,NA,NA,NA,NA,NA,NA,NA,2,NA,NA,UI/ml,NA,NA,NA,NA,NA
313400,name94,A49LJ15,NA,NA,NA,NA,J76OL50,NA,NA,NA,NA,NA,NA,NA,NA,2,NA,NA,UI/ml,NA,NA,NA,NA,NA
398900,name95,G72NL26,NA,NA,NA,NA,C91IB76,NA,NA,NA,NA,NA,NA,NA,NA,2,NA,NA,UI/ml,NA,NA,NA,NA,NA
341300,name96,H46KA05,NA,NA,NA,NA,I56BJ01,NA,NA,NA,NA,NA,NA,NA,NA,2,NA,NA,UI/ml,NA,NA,NA,NA,NA
368600,name97,O46JL43,NA,NA,NA,NA,G99LA62,NA,NA,NA,NA,NA,NA,NA,NA,2,NA,NA,UI/ml,NA,NA,NA,NA,NA
342400,name98,H86NJ71,NA,NA,NA,NA,O92AI38,NA,NA,NA,NA,NA,NA,NA,NA,2,NA,NA,UI/ml,NA,NA,NA,NA,NA
383000,name99,N97AJ62,NA,NA,NA,NA,O99FA86,NA,NA,NA,NA,NA,NA,NA,NA,2,NA,NA,UI/ml,NA,NA,NA,NA,NA
216000,name100,E96LO98,NA,NA,NA,NA,I41DH14,NA,NA,NA,NA,NA,NA,NA,NA,2,NA,NA,UI/ml,NA,NA,NA,NA,NA
172100,name87,H64KK99,NA,NA,NA,NA,B55LO69,NA,NA,NA,NA,NA,NA,NA,NA,2,NA,NA,UI/ml,NA,NA,NA,NA,NA
196300,name88,O53MM38,NA,NA,NA,NA,E49DB25,NA,NA,NA,NA,NA,NA,NA,NA,2,NA,NA,UI/ml,NA,NA,NA,NA,NA
388700,name89,K47LH96,NA,NA,NA,NA,I77EF20,NA,NA,NA,NA,NA,NA,NA,NA,2,NA,NA,UI/ml,NA,NA,NA,NA,NA
144200,name90,H80BI68,NA,NA,NA,NA,E31MD13,NA,NA,NA,NA,NA,NA,NA,NA,2,NA,NA,UI/ml,NA,NA,NA,NA,NA
146200,name91,E85LJ93,NA,NA,NA,NA,O04DI48,NA,NA,NA,NA,NA,NA,NA,NA,2,NA,NA,UI/ml,NA,NA,NA,NA,NA
251000,name92,J76IJ39,NA,NA,NA,NA,K50CK12,NA,NA,NA,NA,NA,NA,NA,NA,2,NA,NA,UI/ml,NA,NA,NA,NA,NA
297200,name93,J57KK05,NA,NA,NA,NA,H25ED63,NA,NA,NA,NA,NA,NA,NA,NA,2,NA,NA,UI/ml,NA,NA,NA,NA,NA
313400,name94,A49LJ15,NA,NA,NA,NA,J76OL50,NA,NA,NA,NA,NA,NA,NA,NA,2,NA,NA,UI/ml,NA,NA,NA,NA,NA
398900,name95,G72NL26,NA,NA,NA,NA,C91IB76,NA,NA,NA,NA,NA,NA,NA,NA,2,NA,NA,UI/ml,NA,NA,NA,NA,NA
341300,name96,H46KA05,NA,NA,NA,NA,I56BJ01,NA,NA,NA,NA,NA,NA,NA,NA,2,NA,NA,UI/ml,NA,NA,NA,NA,NA
368600,name97,O46JL43,NA,NA,NA,NA,G99LA62,NA,NA,NA,NA,NA,NA,NA,NA,2,NA,NA,UI/ml,NA,NA,NA,NA,NA
342400,name98,H86NJ71,NA,NA,NA,NA,O92AI38,NA,NA,NA,NA,NA,NA,NA,NA,2,NA,NA,UI/ml,NA,NA,NA,NA,NA
383000,name99,N97AJ62,NA,NA,NA,NA,O99FA86,NA,NA,NA,NA,NA,NA,NA,NA,2,NA,NA,UI/ml,NA,NA,NA,NA,NA
216000,name100,E96LO98,NA,NA,NA,NA,I41DH14,NA,NA,NA,NA,NA,NA,NA,NA,2,NA,NA,UI/ml,NA,NA,NA,NA,NA
172100,name87,H64KK99,NA,NA,NA,NA,B55LO69,NA,NA,NA,NA,NA,NA,NA,NA,2,NA,NA,UI/ml,NA,NA,NA,NA,NA
196300,name88,O53MM38,NA,NA,NA,NA,E49DB25,NA,NA,NA,NA,NA,NA,NA,NA,2,NA,NA,UI/ml,NA,NA,NA,NA,NA
388700,name89,K47LH96,NA,NA,NA,NA,I77EF20,NA,NA,NA,NA,NA,NA,NA,NA,2,NA,NA,UI/ml,NA,NA,NA,NA,NA
144200,name90,H80BI68,NA,NA,NA,NA,E31MD13,NA,NA,NA,NA,NA,NA,NA,NA,2,NA,NA,UI/ml,NA,NA,NA,NA,NA
146200,name91,E85LJ93,NA,NA,NA,NA,O04DI48,NA,NA,NA,NA,NA,NA,NA,NA,2,NA,NA,UI/ml,NA,NA,NA,NA,NA
251000,name92,J76IJ39,NA,NA,NA,NA,K50CK12,NA,NA,NA,NA,NA,NA,NA,NA,2,NA,NA,UI/ml,NA,NA,NA,NA,NA
297200,name93,J57KK05,NA,NA,NA,NA,H25ED63,NA,NA,NA,NA,NA,NA,NA,NA,2,NA,NA,UI/ml,NA,NA,NA,NA,NA
313400,name94,A49LJ15,NA,NA,NA,NA,J76OL50,NA,NA,NA,NA,NA,NA,NA,NA,2,NA,NA,UI/ml,NA,NA,NA,NA,NA
398900,name95,G72NL26,NA,NA,NA,NA,C91IB76,NA,NA,NA,NA,NA,NA,NA,NA,2,NA,NA,UI/ml,NA,NA,NA,NA,NA
341300,name96,H46KA05,NA,NA,NA,NA,I56BJ01,NA,NA,NA,NA,NA,NA,NA,NA,2,NA,NA,UI/ml,NA,NA,NA,NA,NA
368600,name97,O46JL43,NA,NA,NA,NA,G99LA62,NA,NA,NA,NA,NA,NA,NA,NA,2,NA,NA,UI/ml,NA,NA,NA,NA,NA
342400,name98,H86NJ71,NA,NA,NA,NA,O92AI38,NA,NA,NA,NA,NA,NA,NA,NA,2,NA,NA,UI/ml,NA,NA,NA,NA,NA
383000,name99,N97AJ62,NA,NA,NA,NA,O99FA86,NA,NA,NA,NA,NA,NA,NA,NA,2,NA,NA,UI/ml,NA,NA,NA,NA,NA
216000,name100,E96LO98,NA,NA,NA,NA,I41DH14,NA,NA,NA,NA,NA,NA,NA,NA,2,NA,NA,UI/ml,NA,NA,NA,NA,NA
216001,name101,E96LO99,NA,NA,NA,NA,I41DH15,NA,NA,NA,NA,NA,NA,NA,NA,3,NA,NA,UI/ml,NA,NA,NA,NA,NA
216002,name102,E96LO100,NA,NA,NA,NA,I41DH16,NA,NA,NA,NA,NA,NA,NA,NA,4,NA,NA,UI/ml,NA,NA,NA,NA,NA
216003,name103,E96LO101,NA,NA,NA,NA,I41DH17,NA,NA,NA,NA,NA,NA,NA,NA,5,NA,NA,UI/ml,NA,NA,NA,NA,NA
216004,name104,E96LO102,NA,NA,NA,NA,I41DH18,NA,NA,NA,NA,NA,NA,NA,NA,6,NA,NA,UI/ml,NA,NA,NA,NA,NA
216005,name105,E96LO103,NA,NA,NA,NA,I41DH19,NA,NA,NA,NA,NA,NA,NA,NA,7,NA,NA,UI/ml,NA,NA,NA,NA,NA
216006,name106,E96LO104,NA,NA,NA,NA,I41DH20,NA,NA,NA,NA,NA,NA,NA,NA,8,NA,NA,UI/ml,NA,NA,NA,NA,NA
216007,name107,E96LO105,NA,NA,NA,NA,I41DH21,NA,NA,NA,NA,NA,NA,NA,NA,9,NA,NA,UI/ml,NA,NA,NA,NA,NA
216008,name108,E96LO106,NA,NA,NA,NA,I41DH22,NA,NA,NA,NA,NA,NA,NA,NA,10,NA,NA,UI/ml,NA,NA,NA,NA,NA
216009,name109,E96LO107,NA,NA,NA,NA,I41DH23,NA,NA,NA,NA,NA,NA,NA,NA,11,NA,NA,UI/ml,NA,NA,NA,NA,NA
216010,name110,E96LO108,NA,NA,NA,NA,I41DH24,NA,NA,NA,NA,NA,NA,NA,NA,12,NA,NA,UI/ml,NA,NA,NA,NA,NA
216011,name111,E96LO109,NA,NA,NA,NA,I41DH25,NA,NA,NA,NA,NA,NA,NA,NA,13,NA,NA,UI/ml,NA,NA,NA,NA,NA
216012,name112,E96LO110,NA,NA,NA,NA,I41DH26,NA,NA,NA,NA,NA,NA,NA,NA,14,NA,NA,UI/ml,NA,NA,NA,NA,NA
216013,name113,E96LO111,NA,NA,NA,NA,I41DH27,NA,NA,NA,NA,NA,NA,NA,NA,15,NA,NA,UI/ml,NA,NA,NA,NA,NA
216014,name114,E96LO112,NA,NA,NA,NA,I41DH28,NA,NA,NA,NA,NA,NA,NA,NA,16,NA,NA,UI/ml,NA,NA,NA,NA,NA
216015,name115,E96LO113,NA,NA,NA,NA,I41DH29,NA,NA,NA,NA,NA,NA,NA,NA,17,NA,NA,UI/ml,NA,NA,NA,NA,NA
216016,name116,E96LO114,NA,NA,NA,NA,I41DH30,NA,NA,NA,NA,NA,NA,NA,NA,18,NA,NA,UI/ml,NA,NA,NA,NA,NA
216017,name117,E96LO115,NA,NA,NA,NA,I41DH31,NA,NA,NA,NA,NA,NA,NA,NA,19,NA,NA,UI/ml,NA,NA,NA,NA,NA
216018,name118,E96LO116,NA,NA,NA,NA,I41DH32,NA,NA,NA,NA,NA,NA,NA,NA,20,NA,NA,UI/ml,NA,NA,NA,NA,NA
216019,name119,E96LO117,NA,NA,NA,NA,I41DH33,NA,NA,NA,NA,NA,NA,NA,NA,21,NA,NA,UI/ml,NA,NA,NA,NA,NA
216020,name120,E96LO118,NA,NA,NA,NA,I41DH34,NA,NA,NA,NA,NA,NA,NA,NA,22,NA,NA,UI/ml,NA,NA,NA,NA,NA
216021,name121,E96LO119,NA,NA,NA,NA,I41DH35,NA,NA,NA,NA,NA,NA,NA,NA,23,NA,NA,UI/ml,NA,NA,NA,NA,NA
216022,name122,E96LO120,NA,NA,NA,NA,I41DH36,NA,NA,NA,NA,NA,NA,NA,NA,24,NA,NA,UI/ml,NA,NA,NA,NA,NA
216023,name123,E96LO121,NA,NA,NA,NA,I41DH37,NA,NA,NA,NA,NA,NA,NA,NA,25,NA,NA,UI/ml,NA,NA,NA,NA,NA
216024,name124,E96LO122,NA,NA,NA,NA,I41DH38,NA,NA,NA,NA,NA,NA,NA,NA,26,NA,NA,UI/ml,NA,NA,NA,NA,NA
216025,name125,E96LO123,NA,NA,NA,NA,I41DH39,NA,NA,NA,NA,NA,NA,NA,NA,27,NA,NA,UI/ml,NA,NA,NA,NA,NA
216026,name126,E96LO124,NA,NA,NA,NA,I41DH40,NA,NA,NA,NA,NA,NA,NA,NA,28,NA,NA,UI/ml,NA,NA,NA,NA,NA
216027,name127,E96LO125,NA,NA,NA,NA,I41DH41,NA,NA,NA,NA,NA,NA,NA,NA,29,NA,NA,UI/ml,NA,NA,NA,NA,NA
216028,name128,E96LO126,NA,NA,NA,NA,I41DH42,NA,NA,NA,NA,NA,NA,NA,NA,30,NA,NA,UI/ml,NA,NA,NA,NA,NA
216029,name129,E96LO127,NA,NA,NA,NA,I41DH43,NA,NA,NA,NA,NA,NA,NA,NA,31,NA,NA,UI/ml,NA,NA,NA,NA,NA
216030,name130,E96LO128,NA,NA,NA,NA,I41DH44,NA,NA,NA,NA,NA,NA,NA,NA,32,NA,NA,UI/ml,NA,NA,NA,NA,NA
216031,name131,E96LO129,NA,NA,NA,NA,I41DH45,NA,NA,NA,NA,NA,NA,NA,NA,33,NA,NA,UI/ml,NA,NA,NA,NA,NA
216032,name132,E96LO130,NA,NA,NA,NA,I41DH46,NA,NA,NA,NA,NA,NA,NA,NA,34,NA,NA,UI/ml,NA,NA,NA,NA,NA
216033,name133,E96LO131,NA,NA,NA,NA,I41DH47,NA,NA,NA,NA,NA,NA,NA,NA,35,NA,NA,UI/ml,NA,NA,NA,NA,NA
216034,name134,E96LO132,NA,NA,NA,NA,I41DH48,NA,NA,NA,NA,NA,NA,NA,NA,36,NA,NA,UI/ml,NA,NA,NA,NA,NA
216035,name135,E96LO133,NA,NA,NA,NA,I41DH49,NA,NA,NA,NA,NA,NA,NA,NA,37,NA,NA,UI/ml,NA,NA,NA,NA,NA
216036,name136,E96LO134,NA,NA,NA,NA,I41DH50,NA,NA,NA,NA,NA,NA,NA,NA,38,NA,NA,UI/ml,NA,NA,NA,NA,NA
216037,name137,E96LO135,NA,NA,NA,NA,I41DH51,NA,NA,NA,NA,NA,NA,NA,NA,39,NA,NA,UI/ml,NA,NA,NA,NA,NA
216038,name138,E96LO136,NA,NA,NA,NA,I41DH52,NA,NA,NA,NA,NA,NA,NA,NA,40,NA,NA,UI/ml,NA,NA,NA,NA,NA
216039,name139,E96LO137,NA,NA,NA,NA,I41DH53,NA,NA,NA,NA,NA,NA,NA,NA,41,NA,NA,UI/ml,NA,NA,NA,NA,NA
216040,name140,E96LO138,NA,NA,NA,NA,I41DH54,NA,NA,NA,NA,NA,NA,NA,NA,42,NA,NA,UI/ml,NA,NA,NA,NA,NA
216041,name141,E96LO139,NA,NA,NA,NA,I41DH55,NA,NA,NA,NA,NA,NA,NA,NA,43,NA,NA,UI/ml,NA,NA,NA,NA,NA
216042,name142,E96LO140,NA,NA,NA,NA,I41DH56,NA,NA,NA,NA,NA,NA,NA,NA,44,NA,NA,UI/ml,NA,NA,NA,NA,NA
216043,name143,E96LO141,NA,NA,NA,NA,I41DH57,NA,NA,NA,NA,NA,NA,NA,NA,45,NA,NA,UI/ml,NA,NA,NA,NA,NA
216044,name144,E96LO142,NA,NA,NA,NA,I41DH58,NA,NA,NA,NA,NA,NA,NA,NA,46,NA,NA,UI/ml,NA,NA,NA,NA,NA
216045,name145,E96LO143,NA,NA,NA,NA,I41DH59,NA,NA,NA,NA,NA,NA,NA,NA,47,NA,NA,UI/ml,NA,NA,NA,NA,NA
216046,name146,E96LO144,NA,NA,NA,NA,I41DH60,NA,NA,NA,NA,NA,NA,NA,NA,48,NA,NA,UI/ml,NA,NA,NA,NA,NA
216047,name147,E96LO145,NA,NA,NA,NA,I41DH61,NA,NA,NA,NA,NA,NA,NA,NA,49,NA,NA,UI/ml,NA,NA,NA,NA,NA
216048,name148,E96LO146,NA,NA,NA,NA,I41DH62,NA,NA,NA,NA,NA,NA,NA,NA,50,NA,NA,UI/ml,NA,NA,NA,NA,NA
216049,name149,E96LO147,NA,NA,NA,NA,I41DH63,NA,NA,NA,NA,NA,NA,NA,NA,51,NA,NA,UI/ml,NA,NA,NA,NA,NA
216050,name150,E96LO148,NA,NA,NA,NA,I41DH64,NA,NA,NA,NA,NA,NA,NA,NA,52,NA,NA,UI/ml,NA,NA,NA,NA,NA
216051,name151,E96LO149,NA,NA,NA,NA,I41DH65,NA,NA,NA,NA,NA,NA,NA,NA,53,NA,NA,UI/ml,NA,NA,NA,NA,NA
216052,name152,E96LO150,NA,NA,NA,NA,I41DH66,NA,NA,NA,NA,NA,NA,NA,NA,54,NA,NA,UI/ml,NA,NA,NA,NA,NA
216053,name153,E96LO151,NA,NA,NA,NA,I41DH67,NA,NA,NA,NA,NA,NA,NA,NA,55,NA,NA,UI/ml,NA,NA,NA,NA,NA
216054,name154,E96LO152,NA,NA,NA,NA,I41DH68,NA,NA,NA,NA,NA,NA,NA,NA,56,NA,NA,UI/ml,NA,NA,NA,NA,NA
216055,name155,E96LO153,NA,NA,NA,NA,I41DH69,NA,NA,NA,NA,NA,NA,NA,NA,57,NA,NA,UI/ml,NA,NA,NA,NA,NA
216056,name156,E96LO154,NA,NA,NA,NA,I41DH70,NA,NA,NA,NA,NA,NA,NA,NA,58,NA,NA,UI/ml,NA,NA,NA,NA,NA
216057,name157,E96LO155,NA,NA,NA,NA,I41DH71,NA,NA,NA,NA,NA,NA,NA,NA,59,NA,NA,UI/ml,NA,NA,NA,NA,NA
216058,name158,E96LO156,NA,NA,NA,NA,I41DH72,NA,NA,NA,NA,NA,NA,NA,NA,60,NA,NA,UI/ml,NA,NA,NA,NA,NA
216059,name159,E96LO157,NA,NA,NA,NA,I41DH73,NA,NA,NA,NA,NA,NA,NA,NA,61,NA,NA,UI/ml,NA,NA,NA,NA,NA
216060,name160,E96LO158,NA,NA,NA,NA,I41DH74,NA,NA,NA,NA,NA,NA,NA,NA,62,NA,NA,UI/ml,NA,NA,NA,NA,NA
216061,name161,E96LO159,NA,NA,NA,NA,I41DH75,NA,NA,NA,NA,NA,NA,NA,NA,63,NA,NA,UI/ml,NA,NA,NA,NA,NA
216062,name162,E96LO160,NA,NA,NA,NA,I41DH76,NA,NA,NA,NA,NA,NA,NA,NA,64,NA,NA,UI/ml,NA,NA,NA,NA,NA
216063,name163,E96LO161,NA,NA,NA,NA,I41DH77,NA,NA,NA,NA,NA,NA,NA,NA,65,NA,NA,UI/ml,NA,NA,NA,NA,NA
216064,name164,E96LO162,NA,NA,NA,NA,I41DH78,NA,NA,NA,NA,NA,NA,NA,NA,66,NA,NA,UI/ml,NA,NA,NA,NA,NA
216065,name165,E96LO163,NA,NA,NA,NA,I41DH79,NA,NA,NA,NA,NA,NA,NA,NA,67,NA,NA,UI/ml,NA,NA,NA,NA,NA
216066,name166,E96LO164,NA,NA,NA,NA,I41DH80,NA,NA,NA,NA,NA,NA,NA,NA,68,NA,NA,UI/ml,NA,NA,NA,NA,NA
216067,name167,E96LO165,NA,NA,NA,NA,I41DH81,NA,NA,NA,NA,NA,NA,NA,NA,69,NA,NA,UI/ml,NA,NA,NA,NA,NA
216068,name168,E96LO166,NA,NA,NA,NA,I41DH82,NA,NA,NA,NA,NA,NA,NA,NA,70,NA,NA,UI/ml,NA,NA,NA,NA,NA
216069,name169,E96LO167,NA,NA,NA,NA,I41DH83,NA,NA,NA,NA,NA,NA,NA,NA,71,NA,NA,UI/ml,NA,NA,NA,NA,NA
216070,name170,E96LO168,NA,NA,NA,NA,I41DH84,NA,NA,NA,NA,NA,NA,NA,NA,72,NA,NA,UI/ml,NA,NA,NA,NA,NA
216071,name171,E96LO169,NA,NA,NA,NA,I41DH85,NA,NA,NA,NA,NA,NA,NA,NA,73,NA,NA,UI/ml,NA,NA,NA,NA,NA
216072,name172,E96LO170,NA,NA,NA,NA,I41DH86,NA,NA,NA,NA,NA,NA,NA,NA,74,NA,NA,UI/ml,NA,NA,NA,NA,NA
216073,name173,E96LO171,NA,NA,NA,NA,I41DH87,NA,NA,NA,NA,NA,NA,NA,NA,75,NA,NA,UI/ml,NA,NA,NA,NA,NA
216074,name174,E96LO172,NA,NA,NA,NA,I41DH88,NA,NA,NA,NA,NA,NA,NA,NA,76,NA,NA,UI/ml,NA,NA,NA,NA,NA
216075,name175,E96LO173,NA,NA,NA,NA,I41DH89,NA,NA,NA,NA,NA,NA,NA,NA,77,NA,NA,UI/ml,NA,NA,NA,NA,NA
216076,name176,E96LO174,NA,NA,NA,NA,I41DH90,NA,NA,NA,NA,NA,NA,NA,NA,78,NA,NA,UI/ml,NA,NA,NA,NA,NA
216077,name177,E96LO175,NA,NA,NA,NA,I41DH91,NA,NA,NA,NA,NA,NA,NA,NA,79,NA,NA,UI/ml,NA,NA,NA,NA,NA
216078,name178,E96LO176,NA,NA,NA,NA,I41DH92,NA,NA,NA,NA,NA,NA,NA,NA,80,NA,NA,UI/ml,NA,NA,NA,NA,NA
216079,name179,E96LO177,NA,NA,NA,NA,I41DH93,NA,NA,NA,NA,NA,NA,NA,NA,81,NA,NA,UI/ml,NA,NA,NA,NA,NA
216080,name180,E96LO178,NA,NA,NA,NA,I41DH94,NA,NA,NA,NA,NA,NA,NA,NA,82,NA,NA,UI/ml,NA,NA,NA,NA,NA
216081,name181,E96LO179,NA,NA,NA,NA,I41DH95,NA,NA,NA,NA,NA,NA,NA,NA,83,NA,NA,UI/ml,NA,NA,NA,NA,NA
216082,name182,E96LO180,NA,NA,NA,NA,I41DH96,NA,NA,NA,NA,NA,NA,NA,NA,84,NA,NA,UI/ml,NA,NA,NA,NA,NA
216083,name183,E96LO181,NA,NA,NA,NA,I41DH97,NA,NA,NA,NA,NA,NA,NA,NA,85,NA,NA,UI/ml,NA,NA,NA,NA,NA
216084,name184,E96LO182,NA,NA,NA,NA,I41DH98,NA,NA,NA,NA,NA,NA,NA,NA,86,NA,NA,UI/ml,NA,NA,NA,NA,NA
216085,name185,E96LO183,NA,NA,NA,NA,I41DH99,NA,NA,NA,NA,NA,NA,NA,NA,87,NA,NA,UI/ml,NA,NA,NA,NA,NA
216086,name186,E96LO184,NA,NA,NA,NA,I41DH100,NA,NA,NA,NA,NA,NA,NA,NA,88,NA,NA,UI/ml,NA,NA,NA,NA,NA
216087,name187,E96LO185,NA,NA,NA,NA,I41DH101,NA,NA,NA,NA,NA,NA,NA,NA,89,NA,NA,UI/ml,NA,NA,NA,NA,NA
216088,name188,E96LO186,NA,NA,NA,NA,I41DH102,NA,NA,NA,NA,NA,NA,NA,NA,90,NA,NA,UI/ml,NA,NA,NA,NA,NA
216089,name189,E96LO187,NA,NA,NA,NA,I41DH103,NA,NA,NA,NA,NA,NA,NA,NA,91,NA,NA,UI/ml,NA,NA,NA,NA,NA
216090,name190,E96LO188,NA,NA,NA,NA,I41DH104,NA,NA,NA,NA,NA,NA,NA,NA,92,NA,NA,UI/ml,NA,NA,NA,NA,NA
216091,name191,E96LO189,NA,NA,NA,NA,I41DH105,NA,NA,NA,NA,NA,NA,NA,NA,93,NA,NA,UI/ml,NA,NA,NA,NA,NA
216092,name192,E96LO190,NA,NA,NA,NA,I41DH106,NA,NA,NA,NA,NA,NA,NA,NA,94,NA,NA,UI/ml,NA,NA,NA,NA,NA
216093,name193,E96LO191,NA,NA,NA,NA,I41DH107,NA,NA,NA,NA,NA,NA,NA,NA,95,NA,NA,UI/ml,NA,NA,NA,NA,NA
216094,name194,E96LO192,NA,NA,NA,NA,I41DH108,NA,NA,NA,NA,NA,NA,NA,NA,96,NA,NA,UI/ml,NA,NA,NA,NA,NA
216095,name195,E96LO193,NA,NA,NA,NA,I41DH109,NA,NA,NA,NA,NA,NA,NA,NA,97,NA,NA,UI/ml,NA,NA,NA,NA,NA
216096,name196,E96LO194,NA,NA,NA,NA,I41DH110,NA,NA,NA,NA,NA,NA,NA,NA,98,NA,NA,UI/ml,NA,NA,NA,NA,NA
216097,name197,E96LO195,NA,NA,NA,NA,I41DH111,NA,NA,NA,NA,NA,NA,NA,NA,99,NA,NA,UI/ml,NA,NA,NA,NA,NA
216098,name198,E96LO196,NA,NA,NA,NA,I41DH112,NA,NA,NA,NA,NA,NA,NA,NA,100,NA,NA,UI/ml,NA,NA,NA,NA,NA
216099,name199,E96LO197,NA,NA,NA,NA,I41DH113,NA,NA,NA,NA,NA,NA,NA,NA,101,NA,NA,UI/ml,NA,NA,NA,NA,NA
216100,name200,E96LO198,NA,NA,NA,NA,I41DH114,NA,NA,NA,NA,NA,NA,NA,NA,102,NA,NA,UI/ml,NA,NA,NA,NA,NA
216101,name201,E96LO199,NA,NA,NA,NA,I41DH115,NA,NA,NA,NA,NA,NA,NA,NA,103,NA,NA,UI/ml,NA,NA,NA,NA,NA
216102,name202,E96LO200,NA,NA,NA,NA,I41DH116,NA,NA,NA,NA,NA,NA,NA,NA,104,NA,NA,UI/ml,NA,NA,NA,NA,NA
216103,name203,E96LO201,NA,NA,NA,NA,I41DH117,NA,NA,NA,NA,NA,NA,NA,NA,105,NA,NA,UI/ml,NA,NA,NA,NA,NA
216104,name204,E96LO202,NA,NA,NA,NA,I41DH118,NA,NA,NA,NA,NA,NA,NA,NA,106,NA,NA,UI/ml,NA,NA,NA,NA,NA
216105,name205,E96LO203,NA,NA,NA,NA,I41DH119,NA,NA,NA,NA,NA,NA,NA,NA,107,NA,NA,UI/ml,NA,NA,NA,NA,NA
216106,name206,E96LO204,NA,NA,NA,NA,I41DH120,NA,NA,NA,NA,NA,NA,NA,NA,108,NA,NA,UI/ml,NA,NA,NA,NA,NA
216107,name207,E96LO205,NA,NA,NA,NA,I41DH121,NA,NA,NA,NA,NA,NA,NA,NA,109,NA,NA,UI/ml,NA,NA,NA,NA,NA
216108,name208,E96LO206,NA,NA,NA,NA,I41DH122,NA,NA,NA,NA,NA,NA,NA,NA,110,NA,NA,UI/ml,NA,NA,NA,NA,NA
216109,name209,E96LO207,NA,NA,NA,NA,I41DH123,NA,NA,NA,NA,NA,NA,NA,NA,111,NA,NA,UI/ml,NA,NA,NA,NA,NA
216110,name210,E96LO208,NA,NA,NA,NA,I41DH124,NA,NA,NA,NA,NA,NA,NA,NA,112,NA,NA,UI/ml,NA,NA,NA,NA,NA
216111,name211,E96LO209,NA,NA,NA,NA,I41DH125,NA,NA,NA,NA,NA,NA,NA,NA,113,NA,NA,UI/ml,NA,NA,NA,NA,NA
216112,name212,E96LO210,NA,NA,NA,NA,I41DH126,NA,NA,NA,NA,NA,NA,NA,NA,114,NA,NA,UI/ml,NA,NA,NA,NA,NA
216113,name213,E96LO211,NA,NA,NA,NA,I41DH127,NA,NA,NA,NA,NA,NA,NA,NA,115,NA,NA,UI/ml,NA,NA,NA,NA,NA
216114,name214,E96LO212,NA,NA,NA,NA,I41DH128,NA,NA,NA,NA,NA,NA,NA,NA,116,NA,NA,UI/ml,NA,NA,NA,NA,NA
216115,name215,E96LO213,NA,NA,NA,NA,I41DH129,NA,NA,NA,NA,NA,NA,NA,NA,117,NA,NA,UI/ml,NA,NA,NA,NA,NA
216116,name216,E96LO214,NA,NA,NA,NA,I41DH130,NA,NA,NA,NA,NA,NA,NA,NA,118,NA,NA,UI/ml,NA,NA,NA,NA,NA
216117,name217,E96LO215,NA,NA,NA,NA,I41DH131,NA,NA,NA,NA,NA,NA,NA,NA,119,NA,NA,UI/ml,NA,NA,NA,NA,NA
216118,name218,E96LO216,NA,NA,NA,NA,I41DH132,NA,NA,NA,NA,NA,NA,NA,NA,120,NA,NA,UI/ml,NA,NA,NA,NA,NA
216119,name219,E96LO217,NA,NA,NA,NA,I41DH133,NA,NA,NA,NA,NA,NA,NA,NA,121,NA,NA,UI/ml,NA,NA,NA,NA,NA
216120,name220,E96LO218,NA,NA,NA,NA,I41DH134,NA,NA,NA,NA,NA,NA,NA,NA,122,NA,NA,UI/ml,NA,NA,NA,NA,NA
216121,name221,E96LO219,NA,NA,NA,NA,I41DH135,NA,NA,NA,NA,NA,NA,NA,NA,123,NA,NA,UI/ml,NA,NA,NA,NA,NA
216122,name222,E96LO220,NA,NA,NA,NA,I41DH136,NA,NA,NA,NA,NA,NA,NA,NA,124,NA,NA,UI/ml,NA,NA,NA,NA,NA
216123,name223,E96LO221,NA,NA,NA,NA,I41DH137,NA,NA,NA,NA,NA,NA,NA,NA,125,NA,NA,UI/ml,NA,NA,NA,NA,NA
216124,name224,E96LO222,NA,NA,NA,NA,I41DH138,NA,NA,NA,NA,NA,NA,NA,NA,126,NA,NA,UI/ml,NA,NA,NA,NA,NA
216125,name225,E96LO223,NA,NA,NA,NA,I41DH139,NA,NA,NA,NA,NA,NA,NA,NA,127,NA,NA,UI/ml,NA,NA,NA,NA,NA
216126,name226,E96LO224,NA,NA,NA,NA,I41DH140,NA,NA,NA,NA,NA,NA,NA,NA,128,NA,NA,UI/ml,NA,NA,NA,NA,NA
216127,name227,E96LO225,NA,NA,NA,NA,I41DH141,NA,NA,NA,NA,NA,NA,NA,NA,129,NA,NA,UI/ml,NA,NA,NA,NA,NA
216128,name228,E96LO226,NA,NA,NA,NA,I41DH142,NA,NA,NA,NA,NA,NA,NA,NA,130,NA,NA,UI/ml,NA,NA,NA,NA,NA
216129,name229,E96LO227,NA,NA,NA,NA,I41DH143,NA,NA,NA,NA,NA,NA,NA,NA,131,NA,NA,UI/ml,NA,NA,NA,NA,NA
216130,name230,E96LO228,NA,NA,NA,NA,I41DH144,NA,NA,NA,NA,NA,NA,NA,NA,132,NA,NA,UI/ml,NA,NA,NA,NA,NA
216131,name231,E96LO229,NA,NA,NA,NA,I41DH145,NA,NA,NA,NA,NA,NA,NA,NA,133,NA,NA,UI/ml,NA,NA,NA,NA,NA
216132,name232,E96LO230,NA,NA,NA,NA,I41DH146,NA,NA,NA,NA,NA,NA,NA,NA,134,NA,NA,UI/ml,NA,NA,NA,NA,NA
216133,name233,E96LO231,NA,NA,NA,NA,I41DH147,NA,NA,NA,NA,NA,NA,NA,NA,135,NA,NA,UI/ml,NA,NA,NA,NA,NA
216134,name234,E96LO232,NA,NA,NA,NA,I41DH148,NA,NA,NA,NA,NA,NA,NA,NA,136,NA,NA,UI/ml,NA,NA,NA,NA,NA
216135,name235,E96LO233,NA,NA,NA,NA,I41DH149,NA,NA,NA,NA,NA,NA,NA,NA,137,NA,NA,UI/ml,NA,NA,NA,NA,NA
216136,name236,E96LO234,NA,NA,NA,NA,I41DH150,NA,NA,NA,NA,NA,NA,NA,NA,138,NA,NA,UI/ml,NA,NA,NA,NA,NA
216137,name237,E96LO235,NA,NA,NA,NA,I41DH151,NA,NA,NA,NA,NA,NA,NA,NA,139,NA,NA,UI/ml,NA,NA,NA,NA,NA
216138,name238,E96LO236,NA,NA,NA,NA,I41DH152,NA,NA,NA,NA,NA,NA,NA,NA,140,NA,NA,UI/ml,NA,NA,NA,NA,NA
216139,name239,E96LO237,NA,NA,NA,NA,I41DH153,NA,NA,NA,NA,NA,NA,NA,NA,141,NA,NA,UI/ml,NA,NA,NA,NA,NA
216140,name240,E96LO238,NA,NA,NA,NA,I41DH154,NA,NA,NA,NA,NA,NA,NA,NA,142,NA,NA,UI/ml,NA,NA,NA,NA,NA
216141,name241,E96LO239,NA,NA,NA,NA,I41DH155,NA,NA,NA,NA,NA,NA,NA,NA,143,NA,NA,UI/ml,NA,NA,NA,NA,NA
216142,name242,E96LO240,NA,NA,NA,NA,I41DH156,NA,NA,NA,NA,NA,NA,NA,NA,144,NA,NA,UI/ml,NA,NA,NA,NA,NA
216143,name243,E96LO241,NA,NA,NA,NA,I41DH157,NA,NA,NA,NA,NA,NA,NA,NA,145,NA,NA,UI/ml,NA,NA,NA,NA,NA
216144,name244,E96LO242,NA,NA,NA,NA,I41DH158,NA,NA,NA,NA,NA,NA,NA,NA,146,NA,NA,UI/ml,NA,NA,NA,NA,NA
216145,name245,E96LO243,NA,NA,NA,NA,I41DH159,NA,NA,NA,NA,NA,NA,NA,NA,147,NA,NA,UI/ml,NA,NA,NA,NA,NA
216146,name246,E96LO244,NA,NA,NA,NA,I41DH160,NA,NA,NA,NA,NA,NA,NA,NA,148,NA,NA,UI/ml,NA,NA,NA,NA,NA
216147,name247,E96LO245,NA,NA,NA,NA,I41DH161,NA,NA,NA,NA,NA,NA,NA,NA,149,NA,NA,UI/ml,NA,NA,NA,NA,NA
216148,name248,E96LO246,NA,NA,NA,NA,I41DH162,NA,NA,NA,NA,NA,NA,NA,NA,150,NA,NA,UI/ml,NA,NA,NA,NA,NA
216149,name249,E96LO247,NA,NA,NA,NA,I41DH163,NA,NA,NA,NA,NA,NA,NA,NA,151,NA,NA,UI/ml,NA,NA,NA,NA,NA
216150,name250,E96LO248,NA,NA,NA,NA,I41DH164,NA,NA,NA,NA,NA,NA,NA,NA,152,NA,NA,UI/ml,NA,NA,NA,NA,NA
216151,name251,E96LO249,NA,NA,NA,NA,I41DH165,NA,NA,NA,NA,NA,NA,NA,NA,153,NA,NA,UI/ml,NA,NA,NA,NA,NA
216152,name252,E96LO250,NA,NA,NA,NA,I41DH166,NA,NA,NA,NA,NA,NA,NA,NA,154,NA,NA,UI/ml,NA,NA,NA,NA,NA
216153,name253,E96LO251,NA,NA,NA,NA,I41DH167,NA,NA,NA,NA,NA,NA,NA,NA,155,NA,NA,UI/ml,NA,NA,NA,NA,NA
216154,name254,E96LO252,NA,NA,NA,NA,I41DH168,NA,NA,NA,NA,NA,NA,NA,NA,156,NA,NA,UI/ml,NA,NA,NA,NA,NA
216155,name255,E96LO253,NA,NA,NA,NA,I41DH169,NA,NA,NA,NA,NA,NA,NA,NA,157,NA,NA,UI/ml,NA,NA,NA,NA,NA
216156,name256,E96LO254,NA,NA,NA,NA,I41DH170,NA,NA,NA,NA,NA,NA,NA,NA,158,NA,NA,UI/ml,NA,NA,NA,NA,NA
216157,name257,E96LO255,NA,NA,NA,NA,I41DH171,NA,NA,NA,NA,NA,NA,NA,NA,159,NA,NA,UI/ml,NA,NA,NA,NA,NA
216158,name258,E96LO256,NA,NA,NA,NA,I41DH172,NA,NA,NA,NA,NA,NA,NA,NA,160,NA,NA,UI/ml,NA,NA,NA,NA,NA
216159,name259,E96LO257,NA,NA,NA,NA,I41DH173,NA,NA,NA,NA,NA,NA,NA,NA,161,NA,NA,UI/ml,NA,NA,NA,NA,NA
216160,name260,E96LO258,NA,NA,NA,NA,I41DH174,NA,NA,NA,NA,NA,NA,NA,NA,162,NA,NA,UI/ml,NA,NA,NA,NA,NA
216161,name261,E96LO259,NA,NA,NA,NA,I41DH175,NA,NA,NA,NA,NA,NA,NA,NA,163,NA,NA,UI/ml,NA,NA,NA,NA,NA
216162,name262,E96LO260,NA,NA,NA,NA,I41DH176,NA,NA,NA,NA,NA,NA,NA,NA,164,NA,NA,UI/ml,NA,NA,NA,NA,NA
216163,name263,E96LO261,NA,NA,NA,NA,I41DH177,NA,NA,NA,NA,NA,NA,NA,NA,165,NA,NA,UI/ml,NA,NA,NA,NA,NA
216164,name264,E96LO262,NA,NA,NA,NA,I41DH178,NA,NA,NA,NA,NA,NA,NA,NA,166,NA,NA,UI/ml,NA,NA,NA,NA,NA
216165,name265,E96LO263,NA,NA,NA,NA,I41DH179,NA,NA,NA,NA,NA,NA,NA,NA,167,NA,NA,UI/ml,NA,NA,NA,NA,NA
216166,name266,E96LO264,NA,NA,NA,NA,I41DH180,NA,NA,NA,NA,NA,NA,NA,NA,168,NA,NA,UI/ml,NA,NA,NA,NA,NA
216167,name267,E96LO265,NA,NA,NA,NA,I41DH181,NA,NA,NA,NA,NA,NA,NA,NA,169,NA,NA,UI/ml,NA,NA,NA,NA,NA
216168,name268,E96LO266,NA,NA,NA,NA,I41DH182,NA,NA,NA,NA,NA,NA,NA,NA,170,NA,NA,UI/ml,NA,NA,NA,NA,NA
216169,name269,E96LO267,NA,NA,NA,NA,I41DH183,NA,NA,NA,NA,NA,NA,NA,NA,171,NA,NA,UI/ml,NA,NA,NA,NA,NA
216170,name270,E96LO268,NA,NA,NA,NA,I41DH184,NA,NA,NA,NA,NA,NA,NA,NA,172,NA,NA,UI/ml,NA,NA,NA,NA,NA
216171,name271,E96LO269,NA,NA,NA,NA,I41DH185,NA,NA,NA,NA,NA,NA,NA,NA,173,NA,NA,UI/ml,NA,NA,NA,NA,NA
216172,name272,E96LO270,NA,NA,NA,NA,I41DH186,NA,NA,NA,NA,NA,NA,NA,NA,174,NA,NA,UI/ml,NA,NA,NA,NA,NA
216173,name273,E96LO271,NA,NA,NA,NA,I41DH187,NA,NA,NA,NA,NA,NA,NA,NA,175,NA,NA,UI/ml,NA,NA,NA,NA,NA
216174,name274,E96LO272,NA,NA,NA,NA,I41DH188,NA,NA,NA,NA,NA,NA,NA,NA,176,NA,NA,UI/ml,NA,NA,NA,NA,NA
216175,name275,E96LO273,NA,NA,NA,NA,I41DH189,NA,NA,NA,NA,NA,NA,NA,NA,177,NA,NA,UI/ml,NA,NA,NA,NA,NA
216176,name276,E96LO274,NA,NA,NA,NA,I41DH190,NA,NA,NA,NA,NA,NA,NA,NA,178,NA,NA,UI/ml,NA,NA,NA,NA,NA
216177,name277,E96LO275,NA,NA,NA,NA,I41DH191,NA,NA,NA,NA,NA,NA,NA,NA,179,NA,NA,UI/ml,NA,NA,NA,NA,NA
216178,name278,E96LO276,NA,NA,NA,NA,I41DH192,NA,NA,NA,NA,NA,NA,NA,NA,180,NA,NA,UI/ml,NA,NA,NA,NA,NA
216179,name279,E96LO277,NA,NA,NA,NA,I41DH193,NA,NA,NA,NA,NA,NA,NA,NA,181,NA,NA,UI/ml,NA,NA,NA,NA,NA
216180,name280,E96LO278,NA,NA,NA,NA,I41DH194,NA,NA,NA,NA,NA,NA,NA,NA,182,NA,NA,UI/ml,NA,NA,NA,NA,NA
216181,name281,E96LO279,NA,NA,NA,NA,I41DH195,NA,NA,NA,NA,NA,NA,NA,NA,183,NA,NA,UI/ml,NA,NA,NA,NA,NA
216182,name282,E96LO280,NA,NA,NA,NA,I41DH196,NA,NA,NA,NA,NA,NA,NA,NA,184,NA,NA,UI/ml,NA,NA,NA,NA,NA
216183,name283,E96LO281,NA,NA,NA,NA,I41DH197,NA,NA,NA,NA,NA,NA,NA,NA,185,NA,NA,UI/ml,NA,NA,NA,NA,NA
216184,name284,E96LO282,NA,NA,NA,NA,I41DH198,NA,NA,NA,NA,NA,NA,NA,NA,186,NA,NA,UI/ml,NA,NA,NA,NA,NA
216185,name285,E96LO283,NA,NA,NA,NA,I41DH199,NA,NA,NA,NA,NA,NA,NA,NA,187,NA,NA,UI/ml,NA,NA,NA,NA,NA
216186,name286,E96LO284,NA,NA,NA,NA,I41DH200,NA,NA,NA,NA,NA,NA,NA,NA,188,NA,NA,UI/ml,NA,NA,NA,NA,NA
216187,name287,E96LO285,NA,NA,NA,NA,I41DH201,NA,NA,NA,NA,NA,NA,NA,NA,189,NA,NA,UI/ml,NA,NA,NA,NA,NA
216188,name288,E96LO286,NA,NA,NA,NA,I41DH202,NA,NA,NA,NA,NA,NA,NA,NA,190,NA,NA,UI/ml,NA,NA,NA,NA,NA
216189,name289,E96LO287,NA,NA,NA,NA,I41DH203,NA,NA,NA,NA,NA,NA,NA,NA,191,NA,NA,UI/ml,NA,NA,NA,NA,NA
216190,name290,E96LO288,NA,NA,NA,NA,I41DH204,NA,NA,NA,NA,NA,NA,NA,NA,192,NA,NA,UI/ml,NA,NA,NA,NA,NA
216191,name291,E96LO289,NA,NA,NA,NA,I41DH205,NA,NA,NA,NA,NA,NA,NA,NA,193,NA,NA,UI/ml,NA,NA,NA,NA,NA
216192,name292,E96LO290,NA,NA,NA,NA,I41DH206,NA,NA,NA,NA,NA,NA,NA,NA,194,NA,NA,UI/ml,NA,NA,NA,NA,NA
216193,name293,E96LO291,NA,NA,NA,NA,I41DH207,NA,NA,NA,NA,NA,NA,NA,NA,195,NA,NA,UI/ml,NA,NA,NA,NA,NA
216194,name294,E96LO292,NA,NA,NA,NA,I41DH208,NA,NA,NA,NA,NA,NA,NA,NA,196,NA,NA,UI/ml,NA,NA,NA,NA,NA
216195,name295,E96LO293,NA,NA,NA,NA,I41DH209,NA,NA,NA,NA,NA,NA,NA,NA,197,NA,NA,UI/ml,NA,NA,NA,NA,NA
216196,name296,E96LO294,NA,NA,NA,NA,I41DH210,NA,NA,NA,NA,NA,NA,NA,NA,198,NA,NA,UI/ml,NA,NA,NA,NA,NA
216197,name297,E96LO295,NA,NA,NA,NA,I41DH211,NA,NA,NA,NA,NA,NA,NA,NA,199,NA,NA,UI/ml,NA,NA,NA,NA,NA
216198,name298,E96LO296,NA,NA,NA,NA,I41DH212,NA,NA,NA,NA,NA,NA,NA,NA,200,NA,NA,UI/ml,NA,NA,NA,NA,NA
216199,name299,E96LO297,NA,NA,NA,NA,I41DH213,NA,NA,NA,NA,NA,NA,NA,NA,201,NA,NA,UI/ml,NA,NA,NA,NA,NA
216200,name300,E96LO298,NA,NA,NA,NA,I41DH214,NA,NA,NA,NA,NA,NA,NA,NA,202,NA,NA,UI/ml,NA,NA,NA,NA,NA
216201,name301,E96LO299,NA,NA,NA,NA,I41DH215,NA,NA,NA,NA,NA,NA,NA,NA,203,NA,NA,UI/ml,NA,NA,NA,NA,NA
216202,name302,E96LO300,NA,NA,NA,NA,I41DH216,NA,NA,NA,NA,NA,NA,NA,NA,204,NA,NA,UI/ml,NA,NA,NA,NA,NA
216203,name303,E96LO301,NA,NA,NA,NA,I41DH217,NA,NA,NA,NA,NA,NA,NA,NA,205,NA,NA,UI/ml,NA,NA,NA,NA,NA
216204,name304,E96LO302,NA,NA,NA,NA,I41DH218,NA,NA,NA,NA,NA,NA,NA,NA,206,NA,NA,UI/ml,NA,NA,NA,NA,NA
216205,name305,E96LO303,NA,NA,NA,NA,I41DH219,NA,NA,NA,NA,NA,NA,NA,NA,207,NA,NA,UI/ml,NA,NA,NA,NA,NA
216206,name306,E96LO304,NA,NA,NA,NA,I41DH220,NA,NA,NA,NA,NA,NA,NA,NA,208,NA,NA,UI/ml,NA,NA,NA,NA,NA
216207,name307,E96LO305,NA,NA,NA,NA,I41DH221,NA,NA,NA,NA,NA,NA,NA,NA,209,NA,NA,UI/ml,NA,NA,NA,NA,NA
216208,name308,E96LO306,NA,NA,NA,NA,I41DH222,NA,NA,NA,NA,NA,NA,NA,NA,210,NA,NA,UI/ml,NA,NA,NA,NA,NA
216209,name309,E96LO307,NA,NA,NA,NA,I41DH223,NA,NA,NA,NA,NA,NA,NA,NA,211,NA,NA,UI/ml,NA,NA,NA,NA,NA
216210,name310,E96LO308,NA,NA,NA,NA,I41DH224,NA,NA,NA,NA,NA,NA,NA,NA,212,NA,NA,UI/ml,NA,NA,NA,NA,NA
216211,name311,E96LO309,NA,NA,NA,NA,I41DH225,NA,NA,NA,NA,NA,NA,NA,NA,213,NA,NA,UI/ml,NA,NA,NA,NA,NA
216212,name312,E96LO310,NA,NA,NA,NA,I41DH226,NA,NA,NA,NA,NA,NA,NA,NA,214,NA,NA,UI/ml,NA,NA,NA,NA,NA
216213,name313,E96LO311,NA,NA,NA,NA,I41DH227,NA,NA,NA,NA,NA,NA,NA,NA,215,NA,NA,UI/ml,NA,NA,NA,NA,NA
216214,name314,E96LO312,NA,NA,NA,NA,I41DH228,NA,NA,NA,NA,NA,NA,NA,NA,216,NA,NA,UI/ml,NA,NA,NA,NA,NA
216215,name315,E96LO313,NA,NA,NA,NA,I41DH229,NA,NA,NA,NA,NA,NA,NA,NA,217,NA,NA,UI/ml,NA,NA,NA,NA,NA
216216,name316,E96LO314,NA,NA,NA,NA,I41DH230,NA,NA,NA,NA,NA,NA,NA,NA,218,NA,NA,UI/ml,NA,NA,NA,NA,NA
216217,name317,E96LO315,NA,NA,NA,NA,I41DH231,NA,NA,NA,NA,NA,NA,NA,NA,219,NA,NA,UI/ml,NA,NA,NA,NA,NA
216218,name318,E96LO316,NA,NA,NA,NA,I41DH232,NA,NA,NA,NA,NA,NA,NA,NA,220,NA,NA,UI/ml,NA,NA,NA,NA,NA
216219,name319,E96LO317,NA,NA,NA,NA,I41DH233,NA,NA,NA,NA,NA,NA,NA,NA,221,NA,NA,UI/ml,NA,NA,NA,NA,NA
216220,name320,E96LO318,NA,NA,NA,NA,I41DH234,NA,NA,NA,NA,NA,NA,NA,NA,222,NA,NA,UI/ml,NA,NA,NA,NA,NA
216221,name321,E96LO319,NA,NA,NA,NA,I41DH235,NA,NA,NA,NA,NA,NA,NA,NA,223,NA,NA,UI/ml,NA,NA,NA,NA,NA
216222,name322,E96LO320,NA,NA,NA,NA,I41DH236,NA,NA,NA,NA,NA,NA,NA,NA,224,NA,NA,UI/ml,NA,NA,NA,NA,NA
216223,name323,E96LO321,NA,NA,NA,NA,I41DH237,NA,NA,NA,NA,NA,NA,NA,NA,225,NA,NA,UI/ml,NA,NA,NA,NA,NA
216224,name324,E96LO322,NA,NA,NA,NA,I41DH238,NA,NA,NA,NA,NA,NA,NA,NA,226,NA,NA,UI/ml,NA,NA,NA,NA,NA
216225,name325,E96LO323,NA,NA,NA,NA,I41DH239,NA,NA,NA,NA,NA,NA,NA,NA,227,NA,NA,UI/ml,NA,NA,NA,NA,NA
216226,name326,E96LO324,NA,NA,NA,NA,I41DH240,NA,NA,NA,NA,NA,NA,NA,NA,228,NA,NA,UI/ml,NA,NA,NA,NA,NA
216227,name327,E96LO325,NA,NA,NA,NA,I41DH241,NA,NA,NA,NA,NA,NA,NA,NA,229,NA,NA,UI/ml,NA,NA,NA,NA,NA
216228,name328,E96LO326,NA,NA,NA,NA,I41DH242,NA,NA,NA,NA,NA,NA,NA,NA,230,NA,NA,UI/ml,NA,NA,NA,NA,NA
216229,name329,E96LO327,NA,NA,NA,NA,I41DH243,NA,NA,NA,NA,NA,NA,NA,NA,231,NA,NA,UI/ml,NA,NA,NA,NA,NA
216230,name330,E96LO328,NA,NA,NA,NA,I41DH244,NA,NA,NA,NA,NA,NA,NA,NA,232,NA,NA,UI/ml,NA,NA,NA,NA,NA
216231,name331,E96LO329,NA,NA,NA,NA,I41DH245,NA,NA,NA,NA,NA,NA,NA,NA,233,NA,NA,UI/ml,NA,NA,NA,NA,NA
216232,name332,E96LO330,NA,NA,NA,NA,I41DH246,NA,NA,NA,NA,NA,NA,NA,NA,234,NA,NA,UI/ml,NA,NA,NA,NA,NA
216233,name333,E96LO331,NA,NA,NA,NA,I41DH247,NA,NA,NA,NA,NA,NA,NA,NA,235,NA,NA,UI/ml,NA,NA,NA,NA,NA
216234,name334,E96LO332,NA,NA,NA,NA,I41DH248,NA,NA,NA,NA,NA,NA,NA,NA,236,NA,NA,UI/ml,NA,NA,NA,NA,NA
216235,name335,E96LO333,NA,NA,NA,NA,I41DH249,NA,NA,NA,NA,NA,NA,NA,NA,237,NA,NA,UI/ml,NA,NA,NA,NA,NA
216236,name336,E96LO334,NA,NA,NA,NA,I41DH250,NA,NA,NA,NA,NA,NA,NA,NA,238,NA,NA,UI/ml,NA,NA,NA,NA,NA
216237,name337,E96LO335,NA,NA,NA,NA,I41DH251,NA,NA,NA,NA,NA,NA,NA,NA,239,NA,NA,UI/ml,NA,NA,NA,NA,NA
216238,name338,E96LO336,NA,NA,NA,NA,I41DH252,NA,NA,NA,NA,NA,NA,NA,NA,240,NA,NA,UI/ml,NA,NA,NA,NA,NA
216239,name339,E96LO337,NA,NA,NA,NA,I41DH253,NA,NA,NA,NA,NA,NA,NA,NA,241,NA,NA,UI/ml,NA,NA,NA,NA,NA
216240,name340,E96LO338,NA,NA,NA,NA,I41DH254,NA,NA,NA,NA,NA,NA,NA,NA,242,NA,NA,UI/ml,NA,NA,NA,NA,NA
216241,name341,E96LO339,NA,NA,NA,NA,I41DH255,NA,NA,NA,NA,NA,NA,NA,NA,243,NA,NA,UI/ml,NA,NA,NA,NA,NA
216242,name342,E96LO340,NA,NA,NA,NA,I41DH256,NA,NA,NA,NA,NA,NA,NA,NA,244,NA,NA,UI/ml,NA,NA,NA,NA,NA
216243,name343,E96LO341,NA,NA,NA,NA,I41DH257,NA,NA,NA,NA,NA,NA,NA,NA,245,NA,NA,UI/ml,NA,NA,NA,NA,NA
216244,name344,E96LO342,NA,NA,NA,NA,I41DH258,NA,NA,NA,NA,NA,NA,NA,NA,246,NA,NA,UI/ml,NA,NA,NA,NA,NA
216245,name345,E96LO343,NA,NA,NA,NA,I41DH259,NA,NA,NA,NA,NA,NA,NA,NA,247,NA,NA,UI/ml,NA,NA,NA,NA,NA
216246,name346,E96LO344,NA,NA,NA,NA,I41DH260,NA,NA,NA,NA,NA,NA,NA,NA,248,NA,NA,UI/ml,NA,NA,NA,NA,NA
216247,name347,E96LO345,NA,NA,NA,NA,I41DH261,NA,NA,NA,NA,NA,NA,NA,NA,249,NA,NA,UI/ml,NA,NA,NA,NA,NA
216248,name348,E96LO346,NA,NA,NA,NA,I41DH262,NA,NA,NA,NA,NA,NA,NA,NA,250,NA,NA,UI/ml,NA,NA,NA,NA,NA
216249,name349,E96LO347,NA,NA,NA,NA,I41DH263,NA,NA,NA,NA,NA,NA,NA,NA,251,NA,NA,UI/ml,NA,NA,NA,NA,NA
216250,name350,E96LO348,NA,NA,NA,NA,I41DH264,NA,NA,NA,NA,NA,NA,NA,NA,252,NA,NA,UI/ml,NA,NA,NA,NA,NA
216251,name351,E96LO349,NA,NA,NA,NA,I41DH265,NA,NA,NA,NA,NA,NA,NA,NA,253,NA,NA,UI/ml,NA,NA,NA,NA,NA
216252,name352,E96LO350,NA,NA,NA,NA,I41DH266,NA,NA,NA,NA,NA,NA,NA,NA,254,NA,NA,UI/ml,NA,NA,NA,NA,NA
216253,name353,E96LO351,NA,NA,NA,NA,I41DH267,NA,NA,NA,NA,NA,NA,NA,NA,255,NA,NA,UI/ml,NA,NA,NA,NA,NA
216254,name354,E96LO352,NA,NA,NA,NA,I41DH268,NA,NA,NA,NA,NA,NA,NA,NA,256,NA,NA,UI/ml,NA,NA,NA,NA,NA
216255,name355,E96LO353,NA,NA,NA,NA,I41DH269,NA,NA,NA,NA,NA,NA,NA,NA,257,NA,NA,UI/ml,NA,NA,NA,NA,NA
216256,name356,E96LO354,NA,NA,NA,NA,I41DH270,NA,NA,NA,NA,NA,NA,NA,NA,258,NA,NA,UI/ml,NA,NA,NA,NA,NA
216257,name357,E96LO355,NA,NA,NA,NA,I41DH271,NA,NA,NA,NA,NA,NA,NA,NA,259,NA,NA,UI/ml,NA,NA,NA,NA,NA
216258,name358,E96LO356,NA,NA,NA,NA,I41DH272,NA,NA,NA,NA,NA,NA,NA,NA,260,NA,NA,UI/ml,NA,NA,NA,NA,NA
216259,name359,E96LO357,NA,NA,NA,NA,I41DH273,NA,NA,NA,NA,NA,NA,NA,NA,261,NA,NA,UI/ml,NA,NA,NA,NA,NA
216260,name360,E96LO358,NA,NA,NA,NA,I41DH274,NA,NA,NA,NA,NA,NA,NA,NA,262,NA,NA,UI/ml,NA,NA,NA,NA,NA
216261,name361,E96LO359,NA,NA,NA,NA,I41DH275,NA,NA,NA,NA,NA,NA,NA,NA,263,NA,NA,UI/ml,NA,NA,NA,NA,NA
216262,name362,E96LO360,NA,NA,NA,NA,I41DH276,NA,NA,NA,NA,NA,NA,NA,NA,264,NA,NA,UI/ml,NA,NA,NA,NA,NA
216263,name363,E96LO361,NA,NA,NA,NA,I41DH277,NA,NA,NA,NA,NA,NA,NA,NA,265,NA,NA,UI/ml,NA,NA,NA,NA,NA
216264,name364,E96LO362,NA,NA,NA,NA,I41DH278,NA,NA,NA,NA,NA,NA,NA,NA,266,NA,NA,UI/ml,NA,NA,NA,NA,NA
216265,name365,E96LO363,NA,NA,NA,NA,I41DH279,NA,NA,NA,NA,NA,NA,NA,NA,267,NA,NA,UI/ml,NA,NA,NA,NA,NA
216266,name366,E96LO364,NA,NA,NA,NA,I41DH280,NA,NA,NA,NA,NA,NA,NA,NA,268,NA,NA,UI/ml,NA,NA,NA,NA,NA
216267,name367,E96LO365,NA,NA,NA,NA,I41DH281,NA,NA,NA,NA,NA,NA,NA,NA,269,NA,NA,UI/ml,NA,NA,NA,NA,NA
216268,name368,E96LO366,NA,NA,NA,NA,I41DH282,NA,NA,NA,NA,NA,NA,NA,NA,270,NA,NA,UI/ml,NA,NA,NA,NA,NA
216269,name369,E96LO367,NA,NA,NA,NA,I41DH283,NA,NA,NA,NA,NA,NA,NA,NA,271,NA,NA,UI/ml,NA,NA,NA,NA,NA
216270,name370,E96LO368,NA,NA,NA,NA,I41DH284,NA,NA,NA,NA,NA,NA,NA,NA,272,NA,NA,UI/ml,NA,NA,NA,NA,NA
216271,name371,E96LO369,NA,NA,NA,NA,I41DH285,NA,NA,NA,NA,NA,NA,NA,NA,273,NA,NA,UI/ml,NA,NA,NA,NA,NA
216272,name372,E96LO370,NA,NA,NA,NA,I41DH286,NA,NA,NA,NA,NA,NA,NA,NA,274,NA,NA,UI/ml,NA,NA,NA,NA,NA
216273,name373,E96LO371,NA,NA,NA,NA,I41DH287,NA,NA,NA,NA,NA,NA,NA,NA,275,NA,NA,UI/ml,NA,NA,NA,NA,NA
216274,name374,E96LO372,NA,NA,NA,NA,I41DH288,NA,NA,NA,NA,NA,NA,NA,NA,276,NA,NA,UI/ml,NA,NA,NA,NA,NA
216275,name375,E96LO373,NA,NA,NA,NA,I41DH289,NA,NA,NA,NA,NA,NA,NA,NA,277,NA,NA,UI/ml,NA,NA,NA,NA,NA
216276,name376,E96LO374,NA,NA,NA,NA,I41DH290,NA,NA,NA,NA,NA,NA,NA,NA,278,NA,NA,UI/ml,NA,NA,NA,NA,NA
216277,name377,E96LO375,NA,NA,NA,NA,I41DH291,NA,NA,NA,NA,NA,NA,NA,NA,279,NA,NA,UI/ml,NA,NA,NA,NA,NA
216278,name378,E96LO376,NA,NA,NA,NA,I41DH292,NA,NA,NA,NA,NA,NA,NA,NA,280,NA,NA,UI/ml,NA,NA,NA,NA,NA
216279,name379,E96LO377,NA,NA,NA,NA,I41DH293,NA,NA,NA,NA,NA,NA,NA,NA,281,NA,NA,UI/ml,NA,NA,NA,NA,NA
216280,name380,E96LO378,NA,NA,NA,NA,I41DH294,NA,NA,NA,NA,NA,NA,NA,NA,282,NA,NA,UI/ml,NA,NA,NA,NA,NA
216281,name381,E96LO379,NA,NA,NA,NA,I41DH295,NA,NA,NA,NA,NA,NA,NA,NA,283,NA,NA,UI/ml,NA,NA,NA,NA,NA
216282,name382,E96LO380,NA,NA,NA,NA,I41DH296,NA,NA,NA,NA,NA,NA,NA,NA,284,NA,NA,UI/ml,NA,NA,NA,NA,NA
216283,name383,E96LO381,NA,NA,NA,NA,I41DH297,NA,NA,NA,NA,NA,NA,NA,NA,285,NA,NA,UI/ml,NA,NA,NA,NA,NA
216284,name384,E96LO382,NA,NA,NA,NA,I41DH298,NA,NA,NA,NA,NA,NA,NA,NA,286,NA,NA,UI/ml,NA,NA,NA,NA,NA
216285,name385,E96LO383,NA,NA,NA,NA,I41DH299,NA,NA,NA,NA,NA,NA,NA,NA,287,NA,NA,UI/ml,NA,NA,NA,NA,NA
216286,name386,E96LO384,NA,NA,NA,NA,I41DH300,NA,NA,NA,NA,NA,NA,NA,NA,288,NA,NA,UI/ml,NA,NA,NA,NA,NA
216287,name387,E96LO385,NA,NA,NA,NA,I41DH301,NA,NA,NA,NA,NA,NA,NA,NA,289,NA,NA,UI/ml,NA,NA,NA,NA,NA
216288,name388,E96LO386,NA,NA,NA,NA,I41DH302,NA,NA,NA,NA,NA,NA,NA,NA,290,NA,NA,UI/ml,NA,NA,NA,NA,NA
216289,name389,E96LO387,NA,NA,NA,NA,I41DH303,NA,NA,NA,NA,NA,NA,NA,NA,291,NA,NA,UI/ml,NA,NA,NA,NA,NA
216290,name390,E96LO388,NA,NA,NA,NA,I41DH304,NA,NA,NA,NA,NA,NA,NA,NA,292,NA,NA,UI/ml,NA,NA,NA,NA,NA
216291,name391,E96LO389,NA,NA,NA,NA,I41DH305,NA,NA,NA,NA,NA,NA,NA,NA,293,NA,NA,UI/ml,NA,NA,NA,NA,NA
216292,name392,E96LO390,NA,NA,NA,NA,I41DH306,NA,NA,NA,NA,NA,NA,NA,NA,294,NA,NA,UI/ml,NA,NA,NA,NA,NA
216293,name393,E96LO391,NA,NA,NA,NA,I41DH307,NA,NA,NA,NA,NA,NA,NA,NA,295,NA,NA,UI/ml,NA,NA,NA,NA,NA
216294,name394,E96LO392,NA,NA,NA,NA,I41DH308,NA,NA,NA,NA,NA,NA,NA,NA,296,NA,NA,UI/ml,NA,NA,NA,NA,NA
216295,name395,E96LO393,NA,NA,NA,NA,I41DH309,NA,NA,NA,NA,NA,NA,NA,NA,297,NA,NA,UI/ml,NA,NA,NA,NA,NA
216296,name396,E96LO394,NA,NA,NA,NA,I41DH310,NA,NA,NA,NA,NA,NA,NA,NA,298,NA,NA,UI/ml,NA,NA,NA,NA,NA
216297,name397,E96LO395,NA,NA,NA,NA,I41DH311,NA,NA,NA,NA,NA,NA,NA,NA,299,NA,NA,UI/ml,NA,NA,NA,NA,NA
216298,name398,E96LO396,NA,NA,NA,NA,I41DH312,NA,NA,NA,NA,NA,NA,NA,NA,300,NA,NA,UI/ml,NA,NA,NA,NA,NA
216299,name399,E96LO397,NA,NA,NA,NA,I41DH313,NA,NA,NA,NA,NA,NA,NA,NA,301,NA,NA,UI/ml,NA,NA,NA,NA,NA
216300,name400,E96LO398,NA,NA,NA,NA,I41DH314,NA,NA,NA,NA,NA,NA,NA,NA,302,NA,NA,UI/ml,NA,NA,NA,NA,NA
216301,name401,E96LO399,NA,NA,NA,NA,I41DH315,NA,NA,NA,NA,NA,NA,NA,NA,303,NA,NA,UI/ml,NA,NA,NA,NA,NA
216302,name402,E96LO400,NA,NA,NA,NA,I41DH316,NA,NA,NA,NA,NA,NA,NA,NA,304,NA,NA,UI/ml,NA,NA,NA,NA,NA
216303,name403,E96LO401,NA,NA,NA,NA,I41DH317,NA,NA,NA,NA,NA,NA,NA,NA,305,NA,NA,UI/ml,NA,NA,NA,NA,NA
216304,name404,E96LO402,NA,NA,NA,NA,I41DH318,NA,NA,NA,NA,NA,NA,NA,NA,306,NA,NA,UI/ml,NA,NA,NA,NA,NA
216305,name405,E96LO403,NA,NA,NA,NA,I41DH319,NA,NA,NA,NA,NA,NA,NA,NA,307,NA,NA,UI/ml,NA,NA,NA,NA,NA
216306,name406,E96LO404,NA,NA,NA,NA,I41DH320,NA,NA,NA,NA,NA,NA,NA,NA,308,NA,NA,UI/ml,NA,NA,NA,NA,NA
216307,name407,E96LO405,NA,NA,NA,NA,I41DH321,NA,NA,NA,NA,NA,NA,NA,NA,309,NA,NA,UI/ml,NA,NA,NA,NA,NA
216308,name408,E96LO406,NA,NA,NA,NA,I41DH322,NA,NA,NA,NA,NA,NA,NA,NA,310,NA,NA,UI/ml,NA,NA,NA,NA,NA
216309,name409,E96LO407,NA,NA,NA,NA,I41DH323,NA,NA,NA,NA,NA,NA,NA,NA,311,NA,NA,UI/ml,NA,NA,NA,NA,NA
216310,name410,E96LO408,NA,NA,NA,NA,I41DH324,NA,NA,NA,NA,NA,NA,NA,NA,312,NA,NA,UI/ml,NA,NA,NA,NA,NA
216311,name411,E96LO409,NA,NA,NA,NA,I41DH325,NA,NA,NA,NA,NA,NA,NA,NA,313,NA,NA,UI/ml,NA,NA,NA,NA,NA
216312,name412,E96LO410,NA,NA,NA,NA,I41DH326,NA,NA,NA,NA,NA,NA,NA,NA,314,NA,NA,UI/ml,NA,NA,NA,NA,NA
216313,name413,E96LO411,NA,NA,NA,NA,I41DH327,NA,NA,NA,NA,NA,NA,NA,NA,315,NA,NA,UI/ml,NA,NA,NA,NA,NA
216314,name414,E96LO412,NA,NA,NA,NA,I41DH328,NA,NA,NA,NA,NA,NA,NA,NA,316,NA,NA,UI/ml,NA,NA,NA,NA,NA
216315,name415,E96LO413,NA,NA,NA,NA,I41DH329,NA,NA,NA,NA,NA,NA,NA,NA,317,NA,NA,UI/ml,NA,NA,NA,NA,NA
216316,name416,E96LO414,NA,NA,NA,NA,I41DH330,NA,NA,NA,NA,NA,NA,NA,NA,318,NA,NA,UI/ml,NA,NA,NA,NA,NA
216317,name417,E96LO415,NA,NA,NA,NA,I41DH331,NA,NA,NA,NA,NA,NA,NA,NA,319,NA,NA,UI/ml,NA,NA,NA,NA,NA
216318,name418,E96LO416,NA,NA,NA,NA,I41DH332,NA,NA,NA,NA,NA,NA,NA,NA,320,NA,NA,UI/ml,NA,NA,NA,NA,NA
216319,name419,E96LO417,NA,NA,NA,NA,I41DH333,NA,NA,NA,NA,NA,NA,NA,NA,321,NA,NA,UI/ml,NA,NA,NA,NA,NA
216320,name420,E96LO418,NA,NA,NA,NA,I41DH334,NA,NA,NA,NA,NA,NA,NA,NA,322,NA,NA,UI/ml,NA,NA,NA,NA,NA
216321,name421,E96LO419,NA,NA,NA,NA,I41DH335,NA,NA,NA,NA,NA,NA,NA,NA,323,NA,NA,UI/ml,NA,NA,NA,NA,NA
216322,name422,E96LO420,NA,NA,NA,NA,I41DH336,NA,NA,NA,NA,NA,NA,NA,NA,324,NA,NA,UI/ml,NA,NA,NA,NA,NA
216323,name423,E96LO421,NA,NA,NA,NA,I41DH337,NA,NA,NA,NA,NA,NA,NA,NA,325,NA,NA,UI/ml,NA,NA,NA,NA,NA
216324,name424,E96LO422,NA,NA,NA,NA,I41DH338,NA,NA,NA,NA,NA,NA,NA,NA,326,NA,NA,UI/ml,NA,NA,NA,NA,NA
216325,name425,E96LO423,NA,NA,NA,NA,I41DH339,NA,NA,NA,NA,NA,NA,NA,NA,327,NA,NA,UI/ml,NA,NA,NA,NA,NA
216326,name426,E96LO424,NA,NA,NA,NA,I41DH340,NA,NA,NA,NA,NA,NA,NA,NA,328,NA,NA,UI/ml,NA,NA,NA,NA,NA
216327,name427,E96LO425,NA,NA,NA,NA,I41DH341,NA,NA,NA,NA,NA,NA,NA,NA,329,NA,NA,UI/ml,NA,NA,NA,NA,NA
216328,name428,E96LO426,NA,NA,NA,NA,I41DH342,NA,NA,NA,NA,NA,NA,NA,NA,330,NA,NA,UI/ml,NA,NA,NA,NA,NA
216329,name429,E96LO427,NA,NA,NA,NA,I41DH343,NA,NA,NA,NA,NA,NA,NA,NA,331,NA,NA,UI/ml,NA,NA,NA,NA,NA
216330,name430,E96LO428,NA,NA,NA,NA,I41DH344,NA,NA,NA,NA,NA,NA,NA,NA,332,NA,NA,UI/ml,NA,NA,NA,NA,NA
216331,name431,E96LO429,NA,NA,NA,NA,I41DH345,NA,NA,NA,NA,NA,NA,NA,NA,333,NA,NA,UI/ml,NA,NA,NA,NA,NA
216332,name432,E96LO430,NA,NA,NA,NA,I41DH346,NA,NA,NA,NA,NA,NA,NA,NA,334,NA,NA,UI/ml,NA,NA,NA,NA,NA
216333,name433,E96LO431,NA,NA,NA,NA,I41DH347,NA,NA,NA,NA,NA,NA,NA,NA,335,NA,NA,UI/ml,NA,NA,NA,NA,NA
216334,name434,E96LO432,NA,NA,NA,NA,I41DH348,NA,NA,NA,NA,NA,NA,NA,NA,336,NA,NA,UI/ml,NA,NA,NA,NA,NA
216335,name435,E96LO433,NA,NA,NA,NA,I41DH349,NA,NA,NA,NA,NA,NA,NA,NA,337,NA,NA,UI/ml,NA,NA,NA,NA,NA
216336,name436,E96LO434,NA,NA,NA,NA,I41DH350,NA,NA,NA,NA,NA,NA,NA,NA,338,NA,NA,UI/ml,NA,NA,NA,NA,NA
216337,name437,E96LO435,NA,NA,NA,NA,I41DH351,NA,NA,NA,NA,NA,NA,NA,NA,339,NA,NA,UI/ml,NA,NA,NA,NA,NA
216338,name438,E96LO436,NA,NA,NA,NA,I41DH352,NA,NA,NA,NA,NA,NA,NA,NA,340,NA,NA,UI/ml,NA,NA,NA,NA,NA
216339,name439,E96LO437,NA,NA,NA,NA,I41DH353,NA,NA,NA,NA,NA,NA,NA,NA,341,NA,NA,UI/ml,NA,NA,NA,NA,NA
216340,name440,E96LO438,NA,NA,NA,NA,I41DH354,NA,NA,NA,NA,NA,NA,NA,NA,342,NA,NA,UI/ml,NA,NA,NA,NA,NA
216341,name441,E96LO439,NA,NA,NA,NA,I41DH355,NA,NA,NA,NA,NA,NA,NA,NA,343,NA,NA,UI/ml,NA,NA,NA,NA,NA
216342,name442,E96LO440,NA,NA,NA,NA,I41DH356,NA,NA,NA,NA,NA,NA,NA,NA,344,NA,NA,UI/ml,NA,NA,NA,NA,NA
216343,name443,E96LO441,NA,NA,NA,NA,I41DH357,NA,NA,NA,NA,NA,NA,NA,NA,345,NA,NA,UI/ml,NA,NA,NA,NA,NA
216344,name444,E96LO442,NA,NA,NA,NA,I41DH358,NA,NA,NA,NA,NA,NA,NA,NA,346,NA,NA,UI/ml,NA,NA,NA,NA,NA
216345,name445,E96LO443,NA,NA,NA,NA,I41DH359,NA,NA,NA,NA,NA,NA,NA,NA,347,NA,NA,UI/ml,NA,NA,NA,NA,NA
216346,name446,E96LO444,NA,NA,NA,NA,I41DH360,NA,NA,NA,NA,NA,NA,NA,NA,348,NA,NA,UI/ml,NA,NA,NA,NA,NA
216347,name447,E96LO445,NA,NA,NA,NA,I41DH361,NA,NA,NA,NA,NA,NA,NA,NA,349,NA,NA,UI/ml,NA,NA,NA,NA,NA
216348,name448,E96LO446,NA,NA,NA,NA,I41DH362,NA,NA,NA,NA,NA,NA,NA,NA,350,NA,NA,UI/ml,NA,NA,NA,NA,NA
216349,name449,E96LO447,NA,NA,NA,NA,I41DH363,NA,NA,NA,NA,NA,NA,NA,NA,351,NA,NA,UI/ml,NA,NA,NA,NA,NA
216350,name450,E96LO448,NA,NA,NA,NA,I41DH364,NA,NA,NA,NA,NA,NA,NA,NA,352,NA,NA,UI/ml,NA,NA,NA,NA,NA
216351,name451,E96LO449,NA,NA,NA,NA,I41DH365,NA,NA,NA,NA,NA,NA,NA,NA,353,NA,NA,UI/ml,NA,NA,NA,NA,NA
216352,name452,E96LO450,NA,NA,NA,NA,I41DH366,NA,NA,NA,NA,NA,NA,NA,NA,354,NA,NA,UI/ml,NA,NA,NA,NA,NA
216353,name453,E96LO451,NA,NA,NA,NA,I41DH367,NA,NA,NA,NA,NA,NA,NA,NA,355,NA,NA,UI/ml,NA,NA,NA,NA,NA
216354,name454,E96LO452,NA,NA,NA,NA,I41DH368,NA,NA,NA,NA,NA,NA,NA,NA,356,NA,NA,UI/ml,NA,NA,NA,NA,NA
216355,name455,E96LO453,NA,NA,NA,NA,I41DH369,NA,NA,NA,NA,NA,NA,NA,NA,357,NA,NA,UI/ml,NA,NA,NA,NA,NA
216356,name456,E96LO454,NA,NA,NA,NA,I41DH370,NA,NA,NA,NA,NA,NA,NA,NA,358,NA,NA,UI/ml,NA,NA,NA,NA,NA
216357,name457,E96LO455,NA,NA,NA,NA,I41DH371,NA,NA,NA,NA,NA,NA,NA,NA,359,NA,NA,UI/ml,NA,NA,NA,NA,NA
216358,name458,E96LO456,NA,NA,NA,NA,I41DH372,NA,NA,NA,NA,NA,NA,NA,NA,360,NA,NA,UI/ml,NA,NA,NA,NA,NA
216359,name459,E96LO457,NA,NA,NA,NA,I41DH373,NA,NA,NA,NA,NA,NA,NA,NA,361,NA,NA,UI/ml,NA,NA,NA,NA,NA
216360,name460,E96LO458,NA,NA,NA,NA,I41DH374,NA,NA,NA,NA,NA,NA,NA,NA,362,NA,NA,UI/ml,NA,NA,NA,NA,NA
216361,name461,E96LO459,NA,NA,NA,NA,I41DH375,NA,NA,NA,NA,NA,NA,NA,NA,363,NA,NA,UI/ml,NA,NA,NA,NA,NA
216362,name462,E96LO460,NA,NA,NA,NA,I41DH376,NA,NA,NA,NA,NA,NA,NA,NA,364,NA,NA,UI/ml,NA,NA,NA,NA,NA
216363,name463,E96LO461,NA,NA,NA,NA,I41DH377,NA,NA,NA,NA,NA,NA,NA,NA,365,NA,NA,UI/ml,NA,NA,NA,NA,NA
216364,name464,E96LO462,NA,NA,NA,NA,I41DH378,NA,NA,NA,NA,NA,NA,NA,NA,366,NA,NA,UI/ml,NA,NA,NA,NA,NA
216365,name465,E96LO463,NA,NA,NA,NA,I41DH379,NA,NA,NA,NA,NA,NA,NA,NA,367,NA,NA,UI/ml,NA,NA,NA,NA,NA
216366,name466,E96LO464,NA,NA,NA,NA,I41DH380,NA,NA,NA,NA,NA,NA,NA,NA,368,NA,NA,UI/ml,NA,NA,NA,NA,NA
216367,name467,E96LO465,NA,NA,NA,NA,I41DH381,NA,NA,NA,NA,NA,NA,NA,NA,369,NA,NA,UI/ml,NA,NA,NA,NA,NA
216368,name468,E96LO466,NA,NA,NA,NA,I41DH382,NA,NA,NA,NA,NA,NA,NA,NA,370,NA,NA,UI/ml,NA,NA,NA,NA,NA
216369,name469,E96LO467,NA,NA,NA,NA,I41DH383,NA,NA,NA,NA,NA,NA,NA,NA,371,NA,NA,UI/ml,NA,NA,NA,NA,NA
216370,name470,E96LO468,NA,NA,NA,NA,I41DH384,NA,NA,NA,NA,NA,NA,NA,NA,372,NA,NA,UI/ml,NA,NA,NA,NA,NA
216371,name471,E96LO469,NA,NA,NA,NA,I41DH385,NA,NA,NA,NA,NA,NA,NA,NA,373,NA,NA,UI/ml,NA,NA,NA,NA,NA
216372,name472,E96LO470,NA,NA,NA,NA,I41DH386,NA,NA,NA,NA,NA,NA,NA,NA,374,NA,NA,UI/ml,NA,NA,NA,NA,NA
216373,name473,E96LO471,NA,NA,NA,NA,I41DH387,NA,NA,NA,NA,NA,NA,NA,NA,375,NA,NA,UI/ml,NA,NA,NA,NA,NA
216374,name474,E96LO472,NA,NA,NA,NA,I41DH388,NA,NA,NA,NA,NA,NA,NA,NA,376,NA,NA,UI/ml,NA,NA,NA,NA,NA
216375,name475,E96LO473,NA,NA,NA,NA,I41DH389,NA,NA,NA,NA,NA,NA,NA,NA,377,NA,NA,UI/ml,NA,NA,NA,NA,NA
216376,name476,E96LO474,NA,NA,NA,NA,I41DH390,NA,NA,NA,NA,NA,NA,NA,NA,378,NA,NA,UI/ml,NA,NA,NA,NA,NA
216377,name477,E96LO475,NA,NA,NA,NA,I41DH391,NA,NA,NA,NA,NA,NA,NA,NA,379,NA,NA,UI/ml,NA,NA,NA,NA,NA
216378,name478,E96LO476,NA,NA,NA,NA,I41DH392,NA,NA,NA,NA,NA,NA,NA,NA,380,NA,NA,UI/ml,NA,NA,NA,NA,NA
216379,name479,E96LO477,NA,NA,NA,NA,I41DH393,NA,NA,NA,NA,NA,NA,NA,NA,381,NA,NA,UI/ml,NA,NA,NA,NA,NA
216380,name480,E96LO478,NA,NA,NA,NA,I41DH394,NA,NA,NA,NA,NA,NA,NA,NA,382,NA,NA,UI/ml,NA,NA,NA,NA,NA
216381,name481,E96LO479,NA,NA,NA,NA,I41DH395,NA,NA,NA,NA,NA,NA,NA,NA,383,NA,NA,UI/ml,NA,NA,NA,NA,NA
216382,name482,E96LO480,NA,NA,NA,NA,I41DH396,NA,NA,NA,NA,NA,NA,NA,NA,384,NA,NA,UI/ml,NA,NA,NA,NA,NA
216383,name483,E96LO481,NA,NA,NA,NA,I41DH397,NA,NA,NA,NA,NA,NA,NA,NA,385,NA,NA,UI/ml,NA,NA,NA,NA,NA
216384,name484,E96LO482,NA,NA,NA,NA,I41DH398,NA,NA,NA,NA,NA,NA,NA,NA,386,NA,NA,UI/ml,NA,NA,NA,NA,NA
216385,name485,E96LO483,NA,NA,NA,NA,I41DH399,NA,NA,NA,NA,NA,NA,NA,NA,387,NA,NA,UI/ml,NA,NA,NA,NA,NA
216386,name486,E96LO484,NA,NA,NA,NA,I41DH400,NA,NA,NA,NA,NA,NA,NA,NA,388,NA,NA,UI/ml,NA,NA,NA,NA,NA
216387,name487,E96LO485,NA,NA,NA,NA,I41DH401,NA,NA,NA,NA,NA,NA,NA,NA,389,NA,NA,UI/ml,NA,NA,NA,NA,NA
216388,name488,E96LO486,NA,NA,NA,NA,I41DH402,NA,NA,NA,NA,NA,NA,NA,NA,390,NA,NA,UI/ml,NA,NA,NA,NA,NA
216389,name489,E96LO487,NA,NA,NA,NA,I41DH403,NA,NA,NA,NA,NA,NA,NA,NA,391,NA,NA,UI/ml,NA,NA,NA,NA,NA
216390,name490,E96LO488,NA,NA,NA,NA,I41DH404,NA,NA,NA,NA,NA,NA,NA,NA,392,NA,NA,UI/ml,NA,NA,NA,NA,NA
216391,name491,E96LO489,NA,NA,NA,NA,I41DH405,NA,NA,NA,NA,NA,NA,NA,NA,393,NA,NA,UI/ml,NA,NA,NA,NA,NA
216392,name492,E96LO490,NA,NA,NA,NA,I41DH406,NA,NA,NA,NA,NA,NA,NA,NA,394,NA,NA,UI/ml,NA,NA,NA,NA,NA
216393,name493,E96LO491,NA,NA,NA,NA,I41DH407,NA,NA,NA,NA,NA,NA,NA,NA,395,NA,NA,UI/ml,NA,NA,NA,NA,NA
216394,name494,E96LO492,NA,NA,NA,NA,I41DH408,NA,NA,NA,NA,NA,NA,NA,NA,396,NA,NA,UI/ml,NA,NA,NA,NA,NA
216395,name495,E96LO493,NA,NA,NA,NA,I41DH409,NA,NA,NA,NA,NA,NA,NA,NA,397,NA,NA,UI/ml,NA,NA,NA,NA,NA
216396,name496,E96LO494,NA,NA,NA,NA,I41DH410,NA,NA,NA,NA,NA,NA,NA,NA,398,NA,NA,UI/ml,NA,NA,NA,NA,NA
216397,name497,E96LO495,NA,NA,NA,NA,I41DH411,NA,NA,NA,NA,NA,NA,NA,NA,399,NA,NA,UI/ml,NA,NA,NA,NA,NA
216398,name498,E96LO496,NA,NA,NA,NA,I41DH412,NA,NA,NA,NA,NA,NA,NA,NA,400,NA,NA,UI/ml,NA,NA,NA,NA,NA
216399,name499,E96LO497,NA,NA,NA,NA,I41DH413,NA,NA,NA,NA,NA,NA,NA,NA,401,NA,NA,UI/ml,NA,NA,NA,NA,NA
216400,name500,E96LO498,NA,NA,NA,NA,I41DH414,NA,NA,NA,NA,NA,NA,NA,NA,402,NA,NA,UI/ml,NA,NA,NA,NA,NA
216401,name501,E96LO499,NA,NA,NA,NA,I41DH415,NA,NA,NA,NA,NA,NA,NA,NA,403,NA,NA,UI/ml,NA,NA,NA,NA,NA
216402,name502,E96LO500,NA,NA,NA,NA,I41DH416,NA,NA,NA,NA,NA,NA,NA,NA,404,NA,NA,UI/ml,NA,NA,NA,NA,NA
216403,name503,E96LO501,NA,NA,NA,NA,I41DH417,NA,NA,NA,NA,NA,NA,NA,NA,405,NA,NA,UI/ml,NA,NA,NA,NA,NA
216404,name504,E96LO502,NA,NA,NA,NA,I41DH418,NA,NA,NA,NA,NA,NA,NA,NA,406,NA,NA,UI/ml,NA,NA,NA,NA,NA
216405,name505,E96LO503,NA,NA,NA,NA,I41DH419,NA,NA,NA,NA,NA,NA,NA,NA,407,NA,NA,UI/ml,NA,NA,NA,NA,NA
216406,name506,E96LO504,NA,NA,NA,NA,I41DH420,NA,NA,NA,NA,NA,NA,NA,NA,408,NA,NA,UI/ml,NA,NA,NA,NA,NA
216407,name507,E96LO505,NA,NA,NA,NA,I41DH421,NA,NA,NA,NA,NA,NA,NA,NA,409,NA,NA,UI/ml,NA,NA,NA,NA,NA
216408,name508,E96LO506,NA,NA,NA,NA,I41DH422,NA,NA,NA,NA,NA,NA,NA,NA,410,NA,NA,UI/ml,NA,NA,NA,NA,NA
216409,name509,E96LO507,NA,NA,NA,NA,I41DH423,NA,NA,NA,NA,NA,NA,NA,NA,411,NA,NA,UI/ml,NA,NA,NA,NA,NA
216410,name510,E96LO508,NA,NA,NA,NA,I41DH424,NA,NA,NA,NA,NA,NA,NA,NA,412,NA,NA,UI/ml,NA,NA,NA,NA,NA
216411,name511,E96LO509,NA,NA,NA,NA,I41DH425,NA,NA,NA,NA,NA,NA,NA,NA,413,NA,NA,UI/ml,NA,NA,NA,NA,NA
216412,name512,E96LO510,NA,NA,NA,NA,I41DH426,NA,NA,NA,NA,NA,NA,NA,NA,414,NA,NA,UI/ml,NA,NA,NA,NA,NA
216413,name513,E96LO511,NA,NA,NA,NA,I41DH427,NA,NA,NA,NA,NA,NA,NA,NA,415,NA,NA,UI/ml,NA,NA,NA,NA,NA
216414,name514,E96LO512,NA,NA,NA,NA,I41DH428,NA,NA,NA,NA,NA,NA,NA,NA,416,NA,NA,UI/ml,NA,NA,NA,NA,NA
216415,name515,E96LO513,NA,NA,NA,NA,I41DH429,NA,NA,NA,NA,NA,NA,NA,NA,417,NA,NA,UI/ml,NA,NA,NA,NA,NA
216416,name516,E96LO514,NA,NA,NA,NA,I41DH430,NA,NA,NA,NA,NA,NA,NA,NA,418,NA,NA,UI/ml,NA,NA,NA,NA,NA
216417,name517,E96LO515,NA,NA,NA,NA,I41DH431,NA,NA,NA,NA,NA,NA,NA,NA,419,NA,NA,UI/ml,NA,NA,NA,NA,NA
216418,name518,E96LO516,NA,NA,NA,NA,I41DH432,NA,NA,NA,NA,NA,NA,NA,NA,420,NA,NA,UI/ml,NA,NA,NA,NA,NA
216419,name519,E96LO517,NA,NA,NA,NA,I41DH433,NA,NA,NA,NA,NA,NA,NA,NA,421,NA,NA,UI/ml,NA,NA,NA,NA,NA
216420,name520,E96LO518,NA,NA,NA,NA,I41DH434,NA,NA,NA,NA,NA,NA,NA,NA,422,NA,NA,UI/ml,NA,NA,NA,NA,NA
216421,name521,E96LO519,NA,NA,NA,NA,I41DH435,NA,NA,NA,NA,NA,NA,NA,NA,423,NA,NA,UI/ml,NA,NA,NA,NA,NA
216422,name522,E96LO520,NA,NA,NA,NA,I41DH436,NA,NA,NA,NA,NA,NA,NA,NA,424,NA,NA,UI/ml,NA,NA,NA,NA,NA
216423,name523,E96LO521,NA,NA,NA,NA,I41DH437,NA,NA,NA,NA,NA,NA,NA,NA,425,NA,NA,UI/ml,NA,NA,NA,NA,NA
216424,name524,E96LO522,NA,NA,NA,NA,I41DH438,NA,NA,NA,NA,NA,NA,NA,NA,426,NA,NA,UI/ml,NA,NA,NA,NA,NA
216425,name525,E96LO523,NA,NA,NA,NA,I41DH439,NA,NA,NA,NA,NA,NA,NA,NA,427,NA,NA,UI/ml,NA,NA,NA,NA,NA
216426,name526,E96LO524,NA,NA,NA,NA,I41DH440,NA,NA,NA,NA,NA,NA,NA,NA,428,NA,NA,UI/ml,NA,NA,NA,NA,NA
216427,name527,E96LO525,NA,NA,NA,NA,I41DH441,NA,NA,NA,NA,NA,NA,NA,NA,429,NA,NA,UI/ml,NA,NA,NA,NA,NA
216428,name528,E96LO526,NA,NA,NA,NA,I41DH442,NA,NA,NA,NA,NA,NA,NA,NA,430,NA,NA,UI/ml,NA,NA,NA,NA,NA
216429,name529,E96LO527,NA,NA,NA,NA,I41DH443,NA,NA,NA,NA,NA,NA,NA,NA,431,NA,NA,UI/ml,NA,NA,NA,NA,NA
216430,name530,E96LO528,NA,NA,NA,NA,I41DH444,NA,NA,NA,NA,NA,NA,NA,NA,432,NA,NA,UI/ml,NA,NA,NA,NA,NA